repo,tool,finding_type,vuln_id,title,cwe,cve,severity,score,file,start_line,area,package,version,ecosystem,fix_versions,message
pipenv,codeql,code,py/clear-text-logging-sensitive-data,Clear-text logging of sensitive information,"CWE-312, CWE-359, CWE-532",,high,7.5,pipenv/patched/pip/_internal/network/session.py,422,vendor,,,,,"This expression logs [sensitive data (secret)](1) as clear text.
This expression logs [sensitive data (secret)](2) as clear text.
This expression logs [sensitive data (secret)](2) as clear text.
This expression logs [sensitive data (secret)](2) as clear text.
This expression logs [sensitive data (secret)](2) as clear text.
This expression logs [sensitive data (secret)](3) as clear text.
This expression logs [sensitive data (secret)](4) as clear text."
pipenv,codeql,code,py/tarslip,Arbitrary file write during tarfile extraction,CWE-22,,high,7.5,pipenv/patched/pip/_vendor/distlib/util.py,1307,vendor,,,,,This file extraction depends on a [potentially untrusted source](1).
pipenv,codeql,code,py/insecure-protocol,Use of insecure SSL/TLS version,CWE-327,,high,7.5,pipenv/patched/pip/_vendor/distlib/util.py,1504,vendor,,,,,"Insecure SSL/TLS protocol version TLSv1 allowed by [call to ssl.SSLContext](1).
Insecure SSL/TLS protocol version TLSv1_1 allowed by [call to ssl.SSLContext](1)."
pipenv,codeql,code,py/weak-sensitive-data-hashing,Use of a broken or weak cryptographic hashing algorithm on sensitive data,"CWE-327, CWE-328, CWE-916",,high,7.5,pipenv/patched/pip/_vendor/requests/auth.py,179,vendor,,,,,"[Sensitive data (password)](1) is used in a hashing algorithm (MD5) that is insecure for password hashing, since it is not a computationally expensive hash function.
[Sensitive data (id)](2) is used in a hashing algorithm (MD5) that is insecure."
pipenv,codeql,code,py/weak-sensitive-data-hashing,Use of a broken or weak cryptographic hashing algorithm on sensitive data,"CWE-327, CWE-328, CWE-916",,high,7.5,pipenv/patched/pip/_vendor/requests/auth.py,187,vendor,,,,,"[Sensitive data (password)](1) is used in a hashing algorithm (SHA1) that is insecure for password hashing, since it is not a computationally expensive hash function.
[Sensitive data (id)](2) is used in a hashing algorithm (SHA1) that is insecure."
pipenv,codeql,code,py/weak-sensitive-data-hashing,Use of a broken or weak cryptographic hashing algorithm on sensitive data,"CWE-327, CWE-328, CWE-916",,high,7.5,pipenv/patched/pip/_vendor/requests/auth.py,195,vendor,,,,,"[Sensitive data (password)](1) is used in a hashing algorithm (SHA256) that is insecure for password hashing, since it is not a computationally expensive hash function."
pipenv,codeql,code,py/weak-sensitive-data-hashing,Use of a broken or weak cryptographic hashing algorithm on sensitive data,"CWE-327, CWE-328, CWE-916",,high,7.5,pipenv/patched/pip/_vendor/requests/auth.py,203,vendor,,,,,"[Sensitive data (password)](1) is used in a hashing algorithm (SHA512) that is insecure for password hashing, since it is not a computationally expensive hash function."
pipenv,codeql,code,py/insecure-protocol,Use of insecure SSL/TLS version,CWE-327,,high,7.5,pipenv/patched/pip/_vendor/urllib3/util/ssl_.py,477,vendor,,,,,"Insecure SSL/TLS protocol version TLSv1 allowed by [call to SSLContext](1).
Insecure SSL/TLS protocol version TLSv1_1 allowed by [call to SSLContext](1)."
pipenv,codeql,code,py/request-without-cert-validation,Request without certificate validation,CWE-295,,high,7.5,tasks/vendoring/__init__.py,546,source,,,,,This request may run without certificate validation because [it is disabled](1).
pipenv,codeql,code,py/incomplete-url-substring-sanitization,Incomplete URL substring sanitization,CWE-20,,high,7.8,tests/unit/test_vcs.py,141,test,,,,,The string [github.com](1) may be at an arbitrary position in the sanitized URL.
pipenv,codeql,code,py/incomplete-url-substring-sanitization,Incomplete URL substring sanitization,CWE-20,,high,7.8,tests/unit/test_vcs.py,142,test,,,,,The string [github.com](1) may be at an arbitrary position in the sanitized URL.
pipenv,codeql,ci,actions/unpinned-tag,Unpinned tag for a non-immutable Action or reusable workflow,CWE-829,,medium,5.0,.github/workflows/changelog.yml,27,ci,,,,,"Unpinned 3rd party Action 'Generate Changelog' step [Uses Step: generate](1) uses 'mistricky/ccc' with ref 'v0.2.6', not a pinned commit hash"
pipenv,codeql,ci,actions/unpinned-tag,Unpinned tag for a non-immutable Action or reusable workflow,CWE-829,,medium,5.0,.github/workflows/changelog.yml,34,ci,,,,,"Unpinned 3rd party Action 'Generate Changelog' step [Uses Step](1) uses 'softprops/action-gh-release' with ref 'v3', not a pinned commit hash"
pipenv,codeql,ci,actions/unpinned-tag,Unpinned tag for a non-immutable Action or reusable workflow,CWE-829,,medium,5.0,.github/workflows/pypi_upload.yml,26,ci,,,,,"Unpinned 3rd party Action 'Upload Python Package' step [Uses Step: create_release](1) uses 'ncipollo/release-action' with ref 'v1', not a pinned commit hash"
pipenv,codeql,ci,actions/unpinned-tag,Unpinned tag for a non-immutable Action or reusable workflow,CWE-829,,medium,5.0,.github/workflows/pypi_upload.yml,60,ci,,,,,"Unpinned 3rd party Action 'Upload Python Package' step [Uses Step](1) uses 'pypa/gh-action-pypi-publish' with ref 'release/v1', not a pinned commit hash"
pipenv,grype,dependency,GHSA-vxmw-7h4f-hqxh,pypa/gh-action-pypi-publish release/v1,,,low,0.0,.github/workflows/pypi_upload.yml,,source,pypa/gh-action-pypi-publish,release/v1,github-action,1.13.0,PyPI publish GitHub Action vulnerable to injectable expression expansions in action steps
pipenv,grype,dependency,GHSA-8988-9cw3-xx77,urllib3 2.7.0,,CVE-2026-97687,high,7.6,examples/Pipfile.lock,,example,urllib3,2.7.0,python,2.8.0,urllib3: HTTPS proxy TLS configuration may be ignored or overridden
pipenv,grype,dependency,GHSA-gh4c-6fx4-qh6g,urllib3 2.7.0,,CVE-2026-97688,medium,6.9,examples/Pipfile.lock,,example,urllib3,2.7.0,python,2.8.0,urllib3: Chunked Deflate streaming can enter an infinite loop
pipenv,grype,dependency,GHSA-vxq7-64xx-v4gw,urllib3 2.7.0,,CVE-2026-97689,high,8.9,examples/Pipfile.lock,,example,urllib3,2.7.0,python,2.8.0,urllib3: HTTPResponse.stream()/read_chunked() buffers an unbounded chunk-size line into memory
pipx,grype,dependency,GHSA-fj7x-q9j7-g6q6,black 22.8.0,,CVE-2024-21503,medium,5.3,testdata/test_package_specifier/local_extras/setup.py,,source,black,22.8.0,python,24.3.0,Black vulnerable to Regular Expression Denial of Service (ReDoS)
pip,codeql,code,py/clear-text-logging-sensitive-data,Clear-text logging of sensitive information,"CWE-312, CWE-359, CWE-532",,high,7.5,src/pip/_internal/network/session.py,422,source,,,,,"This expression logs [sensitive data (secret)](1) as clear text.
This expression logs [sensitive data (secret)](2) as clear text.
This expression logs [sensitive data (secret)](2) as clear text.
This expression logs [sensitive data (secret)](2) as clear text.
This expression logs [sensitive data (secret)](2) as clear text.
This expression logs [sensitive data (secret)](3) as clear text.
This expression logs [sensitive data (secret)](4) as clear text.
This expression logs [sensitive data (secret)](5) as clear text.
This expression logs [sensitive data (secret)](6) as clear text.
This expression logs [sensitive data (secret)](7) as clear text.
This expression logs [sensitive data (secret)](8) as clear text."
pip,codeql,code,py/tarslip,Arbitrary file write during tarfile extraction,CWE-22,,high,7.5,src/pip/_vendor/distlib/util.py,1307,vendor,,,,,This file extraction depends on a [potentially untrusted source](1).
pip,codeql,code,py/insecure-protocol,Use of insecure SSL/TLS version,CWE-327,,high,7.5,src/pip/_vendor/distlib/util.py,1504,vendor,,,,,"Insecure SSL/TLS protocol version TLSv1 allowed by [call to ssl.SSLContext](1).
Insecure SSL/TLS protocol version TLSv1_1 allowed by [call to ssl.SSLContext](1)."
pip,codeql,code,py/weak-sensitive-data-hashing,Use of a broken or weak cryptographic hashing algorithm on sensitive data,"CWE-327, CWE-328, CWE-916",,high,7.5,src/pip/_vendor/requests/auth.py,179,vendor,,,,,"[Sensitive data (password)](1) is used in a hashing algorithm (MD5) that is insecure for password hashing, since it is not a computationally expensive hash function.
[Sensitive data (id)](2) is used in a hashing algorithm (MD5) that is insecure."
pip,codeql,code,py/weak-sensitive-data-hashing,Use of a broken or weak cryptographic hashing algorithm on sensitive data,"CWE-327, CWE-328, CWE-916",,high,7.5,src/pip/_vendor/requests/auth.py,187,vendor,,,,,"[Sensitive data (password)](1) is used in a hashing algorithm (SHA1) that is insecure for password hashing, since it is not a computationally expensive hash function.
[Sensitive data (id)](2) is used in a hashing algorithm (SHA1) that is insecure."
pip,codeql,code,py/weak-sensitive-data-hashing,Use of a broken or weak cryptographic hashing algorithm on sensitive data,"CWE-327, CWE-328, CWE-916",,high,7.5,src/pip/_vendor/requests/auth.py,195,vendor,,,,,"[Sensitive data (password)](1) is used in a hashing algorithm (SHA256) that is insecure for password hashing, since it is not a computationally expensive hash function."
pip,codeql,code,py/weak-sensitive-data-hashing,Use of a broken or weak cryptographic hashing algorithm on sensitive data,"CWE-327, CWE-328, CWE-916",,high,7.5,src/pip/_vendor/requests/auth.py,203,vendor,,,,,"[Sensitive data (password)](1) is used in a hashing algorithm (SHA512) that is insecure for password hashing, since it is not a computationally expensive hash function."
pip,codeql,code,py/insecure-protocol,Use of insecure SSL/TLS version,CWE-327,,high,7.5,src/pip/_vendor/urllib3/util/ssl_.py,477,vendor,,,,,"Insecure SSL/TLS protocol version TLSv1 allowed by [call to SSLContext](1).
Insecure SSL/TLS protocol version TLSv1_1 allowed by [call to SSLContext](1)."
pip,codeql,code,py/overly-permissive-file,Overly permissive file permissions,CWE-732,,high,7.8,tests/lib/filesystem.py,30,test,,,,,Overly permissive mask in chmod sets file to world writable.
pip,codeql,code,py/incomplete-url-substring-sanitization,Incomplete URL substring sanitization,CWE-20,,high,7.8,tests/unit/test_network_session.py,186,test,,,,,The string [https://example.com/](1) may be at an arbitrary position in the sanitized URL.
hatch,codeql,code,py/incomplete-url-substring-sanitization,Incomplete URL substring sanitization,CWE-20,,high,7.8,src/hatch/index/core.py,21,source,,,,,The string [pypi.org](1) may be at an arbitrary position in the sanitized URL.
hatch,codeql,code,py/tarslip,Arbitrary file write during tarfile extraction,CWE-22,,high,7.5,tests/backend/builders/test_sdist.py,678,test,,,,,This file extraction depends on a [potentially untrusted source](1).
hatch,codeql,code,py/tarslip,Arbitrary file write during tarfile extraction,CWE-22,,high,7.5,tests/backend/builders/test_sdist.py,729,test,,,,,This file extraction depends on a [potentially untrusted source](1).
hatch,codeql,code,py/tarslip,Arbitrary file write during tarfile extraction,CWE-22,,high,7.5,tests/backend/builders/test_sdist.py,780,test,,,,,This file extraction depends on a [potentially untrusted source](1).
hatch,codeql,code,py/tarslip,Arbitrary file write during tarfile extraction,CWE-22,,high,7.5,tests/backend/builders/test_sdist.py,854,test,,,,,This file extraction depends on a [potentially untrusted source](1).
hatch,codeql,code,py/tarslip,Arbitrary file write during tarfile extraction,CWE-22,,high,7.5,tests/backend/builders/test_sdist.py,929,test,,,,,This file extraction depends on a [potentially untrusted source](1).
hatch,codeql,code,py/tarslip,Arbitrary file write during tarfile extraction,CWE-22,,high,7.5,tests/backend/builders/test_sdist.py,978,test,,,,,This file extraction depends on a [potentially untrusted source](1).
hatch,codeql,code,py/tarslip,Arbitrary file write during tarfile extraction,CWE-22,,high,7.5,tests/backend/builders/test_sdist.py,1039,test,,,,,This file extraction depends on a [potentially untrusted source](1).
hatch,codeql,code,py/tarslip,Arbitrary file write during tarfile extraction,CWE-22,,high,7.5,tests/backend/builders/test_sdist.py,1102,test,,,,,This file extraction depends on a [potentially untrusted source](1).
hatch,codeql,code,py/tarslip,Arbitrary file write during tarfile extraction,CWE-22,,high,7.5,tests/backend/builders/test_sdist.py,1152,test,,,,,This file extraction depends on a [potentially untrusted source](1).
hatch,codeql,code,py/tarslip,Arbitrary file write during tarfile extraction,CWE-22,,high,7.5,tests/backend/builders/test_sdist.py,1209,test,,,,,This file extraction depends on a [potentially untrusted source](1).
hatch,codeql,code,py/tarslip,Arbitrary file write during tarfile extraction,CWE-22,,high,7.5,tests/backend/builders/test_sdist.py,1259,test,,,,,This file extraction depends on a [potentially untrusted source](1).
hatch,codeql,code,py/tarslip,Arbitrary file write during tarfile extraction,CWE-22,,high,7.5,tests/backend/builders/test_sdist.py,1316,test,,,,,This file extraction depends on a [potentially untrusted source](1).
hatch,codeql,code,py/tarslip,Arbitrary file write during tarfile extraction,CWE-22,,high,7.5,tests/backend/builders/test_sdist.py,1376,test,,,,,This file extraction depends on a [potentially untrusted source](1).
hatch,codeql,code,py/tarslip,Arbitrary file write during tarfile extraction,CWE-22,,high,7.5,tests/backend/builders/test_sdist.py,1448,test,,,,,This file extraction depends on a [potentially untrusted source](1).
hatch,codeql,code,py/tarslip,Arbitrary file write during tarfile extraction,CWE-22,,high,7.5,tests/backend/builders/test_sdist.py,1495,test,,,,,This file extraction depends on a [potentially untrusted source](1).
hatch,codeql,code,py/tarslip,Arbitrary file write during tarfile extraction,CWE-22,,high,7.5,tests/cli/publish/test_publish.py,693,test,,,,,This file extraction depends on a [potentially untrusted source](1).
hatch,codeql,ci,actions/missing-workflow-permissions,Workflow does not contain permissions,CWE-275,,medium,5.0,.github/workflows/cli.yml,21,ci,,,,,"Actions job or workflow does not limit the permissions of the GITHUB_TOKEN. Consider setting an explicit permissions block, using the following as a minimal starting point: {{contents: read}}"
hatch,codeql,ci,actions/unpinned-tag,Unpinned tag for a non-immutable Action or reusable workflow,CWE-829,,medium,5.0,.github/workflows/cli.yml,33,ci,,,,,"Unpinned 3rd party Action 'CLI experience' step [Uses Step](1) uses 'astral-sh/setup-uv' with ref 'v3', not a pinned commit hash"
hatch,codeql,ci,actions/unpinned-tag,Unpinned tag for a non-immutable Action or reusable workflow,CWE-829,,medium,5.0,.github/workflows/cli.yml,36,ci,,,,,"Unpinned 3rd party Action 'CLI experience' step [Uses Step](1) uses 'taiki-e/install-action' with ref 'v2', not a pinned commit hash"
hatch,codeql,ci,actions/missing-workflow-permissions,Workflow does not contain permissions,CWE-275,,medium,5.0,.github/workflows/docs-dev.yml,19,ci,,,,,"Actions job or workflow does not limit the permissions of the GITHUB_TOKEN. Consider setting an explicit permissions block, using the following as a minimal starting point: {{contents: read}}"
hatch,codeql,ci,actions/unpinned-tag,Unpinned tag for a non-immutable Action or reusable workflow,CWE-829,,medium,5.0,.github/workflows/docs-dev.yml,36,ci,,,,,"Unpinned 3rd party Action 'dev docs' step [Uses Step](1) uses 'astral-sh/setup-uv' with ref 'v3', not a pinned commit hash"
hatch,codeql,ci,actions/missing-workflow-permissions,Workflow does not contain permissions,CWE-275,,medium,5.0,.github/workflows/docs-dev.yml,67,ci,,,,,"Actions job or workflow does not limit the permissions of the GITHUB_TOKEN. Consider setting an explicit permissions block, using the following as a minimal starting point: {{}}"
hatch,codeql,ci,actions/unpinned-tag,Unpinned tag for a non-immutable Action or reusable workflow,CWE-829,,medium,5.0,.github/workflows/docs-dev.yml,81,ci,,,,,"Unpinned 3rd party Action 'dev docs' step [Uses Step](1) uses 'peaceiris/actions-gh-pages' with ref 'v4', not a pinned commit hash"
hatch,codeql,ci,actions/missing-workflow-permissions,Workflow does not contain permissions,CWE-275,,medium,5.0,.github/workflows/docs-release.yml,17,ci,,,,,"Actions job or workflow does not limit the permissions of the GITHUB_TOKEN. Consider setting an explicit permissions block, using the following as a minimal starting point: {{contents: read}}"
hatch,codeql,ci,actions/unpinned-tag,Unpinned tag for a non-immutable Action or reusable workflow,CWE-829,,medium,5.0,.github/workflows/docs-release.yml,34,ci,,,,,"Unpinned 3rd party Action 'release docs' step [Uses Step](1) uses 'astral-sh/setup-uv' with ref 'v3', not a pinned commit hash"
hatch,codeql,ci,actions/missing-workflow-permissions,Workflow does not contain permissions,CWE-275,,medium,5.0,.github/workflows/docs-release.yml,71,ci,,,,,"Actions job or workflow does not limit the permissions of the GITHUB_TOKEN. Consider setting an explicit permissions block, using the following as a minimal starting point: {{}}"
hatch,codeql,ci,actions/unpinned-tag,Unpinned tag for a non-immutable Action or reusable workflow,CWE-829,,medium,5.0,.github/workflows/docs-release.yml,83,ci,,,,,"Unpinned 3rd party Action 'release docs' step [Uses Step](1) uses 'peaceiris/actions-gh-pages' with ref 'v4', not a pinned commit hash"
hatch,codeql,ci,actions/missing-workflow-permissions,Workflow does not contain permissions,CWE-275,,medium,5.0,.github/workflows/test.yml,21,ci,,,,,"Actions job or workflow does not limit the permissions of the GITHUB_TOKEN. Consider setting an explicit permissions block, using the following as a minimal starting point: {{contents: read}}"
hatch,codeql,ci,actions/unpinned-tag,Unpinned tag for a non-immutable Action or reusable workflow,CWE-829,,medium,5.0,.github/workflows/test.yml,39,ci,,,,,"Unpinned 3rd party Action 'test' step [Uses Step](1) uses 'astral-sh/setup-uv' with ref 'v3', not a pinned commit hash"
hatch,codeql,ci,actions/missing-workflow-permissions,Workflow does not contain permissions,CWE-275,,medium,5.0,.github/workflows/test.yml,66,ci,,,,,"Actions job or workflow does not limit the permissions of the GITHUB_TOKEN. Consider setting an explicit permissions block, using the following as a minimal starting point: {{contents: read}}"
hatch,codeql,ci,actions/unpinned-tag,Unpinned tag for a non-immutable Action or reusable workflow,CWE-829,,medium,5.0,.github/workflows/test.yml,75,ci,,,,,"Unpinned 3rd party Action 'test' step [Uses Step](1) uses 'pypa/hatch' with ref 'install', not a pinned commit hash"
hatch,codeql,ci,actions/unpinned-tag,Unpinned tag for a non-immutable Action or reusable workflow,CWE-829,,medium,5.0,.github/workflows/test.yml,109,ci,,,,,"Unpinned 3rd party Action 'test' step [Uses Step](1) uses 'marocchino/sticky-pull-request-comment' with ref 'v2', not a pinned commit hash"
hatch,codeql,ci,actions/missing-workflow-permissions,Workflow does not contain permissions,CWE-275,,medium,5.0,.github/workflows/test.yml,114,ci,,,,,"Actions job or workflow does not limit the permissions of the GITHUB_TOKEN. Consider setting an explicit permissions block, using the following as a minimal starting point: {{contents: read}}"
hatch,codeql,ci,actions/missing-workflow-permissions,Workflow does not contain permissions,CWE-275,,medium,5.0,.github/workflows/test.yml,138,ci,,,,,"Actions job or workflow does not limit the permissions of the GITHUB_TOKEN. Consider setting an explicit permissions block, using the following as a minimal starting point: {{}}"
hatch,codeql,ci,actions/unpinned-tag,Unpinned tag for a non-immutable Action or reusable workflow,CWE-829,,medium,5.0,.github/workflows/test.yml,148,ci,,,,,"Unpinned 3rd party Action 'test' step [Uses Step](1) uses 're-actors/alls-green' with ref 'release/v1', not a pinned commit hash"
hatch,grype,dependency,GHSA-cxww-7g56-2vh6,actions/download-artifact v4,,,high,8.6,.github/workflows/build-hatch.yml,,source,actions/download-artifact,v4,github-action,4.1.3,@actions/download-artifact has an Arbitrary File Write via artifact extraction
hatch,grype,dependency,GHSA-cxww-7g56-2vh6,actions/download-artifact v4,,,high,8.6,.github/workflows/build-hatchling.yml,,source,actions/download-artifact,v4,github-action,4.1.3,@actions/download-artifact has an Arbitrary File Write via artifact extraction
hatch,grype,dependency,GHSA-cxww-7g56-2vh6,actions/download-artifact v4,,,high,8.6,.github/workflows/docs-dev.yml,,source,actions/download-artifact,v4,github-action,4.1.3,@actions/download-artifact has an Arbitrary File Write via artifact extraction
hatch,grype,dependency,GHSA-cxww-7g56-2vh6,actions/download-artifact v4,,,high,8.6,.github/workflows/docs-release.yml,,source,actions/download-artifact,v4,github-action,4.1.3,@actions/download-artifact has an Arbitrary File Write via artifact extraction
hatch,grype,dependency,GHSA-cxww-7g56-2vh6,actions/download-artifact v4,,,high,8.6,.github/workflows/test.yml,,source,actions/download-artifact,v4,github-action,4.1.3,@actions/download-artifact has an Arbitrary File Write via artifact extraction
sampleproject,codeql,ci,actions/unpinned-tag,Unpinned tag for a non-immutable Action or reusable workflow,CWE-829,,medium,5.0,.github/workflows/release.yml,29,ci,,,,,"Unpinned 3rd party Action 'Release' step [Uses Step](1) uses 'pypa/gh-action-pypi-publish' with ref 'release/v1', not a pinned commit hash"
sampleproject,codeql,ci,actions/missing-workflow-permissions,Workflow does not contain permissions,CWE-275,,medium,5.0,.github/workflows/test.yml,10,ci,,,,,"Actions job or workflow does not limit the permissions of the GITHUB_TOKEN. Consider setting an explicit permissions block, using the following as a minimal starting point: {{contents: read}}"
sampleproject,grype,dependency,GHSA-vxmw-7h4f-hqxh,pypa/gh-action-pypi-publish release/v1,,,low,0.0,.github/workflows/release.yml,,source,pypa/gh-action-pypi-publish,release/v1,github-action,1.13.0,PyPI publish GitHub Action vulnerable to injectable expression expansions in action steps
pipfile,grype,dependency,GHSA-43fp-rhv2-5gv8,certifi 2020.4.5.1,,CVE-2022-23491,medium,7.5,examples/Pipfile.lock,,example,certifi,2020.4.5.1,python,2022.12.07,Certifi removing TrustCor root certificate
pipfile,grype,dependency,GHSA-xqr8-7jwr-rhp7,certifi 2020.4.5.1,,CVE-2023-37920,high,9.8,examples/Pipfile.lock,,example,certifi,2020.4.5.1,python,2023.7.22,Removal of e-Tugra root certificate
pipfile,grype,dependency,GHSA-65pc-fj4g-8rjx,idna 2.9,,CVE-2026-45409,medium,6.9,examples/Pipfile.lock,,example,idna,2.9,python,3.15,Internationalized Domain Names in Applications (IDNA): Specially crafted inputs to idna.encode() can bypass CVE-2024-3651 fix
pipfile,grype,dependency,GHSA-jjg7-2v4v-x38h,idna 2.9,,CVE-2024-3651,medium,7.5,examples/Pipfile.lock,,example,idna,2.9,python,3.7,Internationalized Domain Names in Applications (IDNA) vulnerable to denial of service from specially crafted inputs to idna.encode
pipfile,grype,dependency,GHSA-55x5-fj6c-h6m8,lxml 4.5.0,,CVE-2021-43818,medium,8.2,examples/Pipfile.lock,,example,lxml,4.5.0,python,4.6.5,lxml's HTML Cleaner allows crafted and SVG embedded scripts to pass through
pipfile,grype,dependency,GHSA-jq4v-f5q6-mjqq,lxml 4.5.0,,CVE-2021-28957,medium,6.1,examples/Pipfile.lock,,example,lxml,4.5.0,python,4.6.3,lxml vulnerable to Cross-Site Scripting
pipfile,grype,dependency,GHSA-pgww-xf46-h92r,lxml 4.5.0,,CVE-2020-27783,medium,6.1,examples/Pipfile.lock,,example,lxml,4.5.0,python,4.6.2,lxml vulnerable to Cross-site Scripting
pipfile,grype,dependency,GHSA-vfmq-68hx-4jfw,lxml 4.5.0,,CVE-2026-41066,high,7.5,examples/Pipfile.lock,,example,lxml,4.5.0,python,6.1.0,lxml: Default configuration of iterparse() and ETCompatXMLParser() allows XXE to local files
pipfile,grype,dependency,GHSA-wrxv-2j5q-m38w,lxml 4.5.0,,CVE-2022-2309,medium,7.5,examples/Pipfile.lock,,example,lxml,4.5.0,python,4.9.1,lxml NULL Pointer Dereference allows attackers to cause a denial of service
pipfile,grype,dependency,GHSA-9hjg-9r4m-mvj7,requests 2.23.0,,CVE-2024-47081,medium,5.3,examples/Pipfile.lock,,example,requests,2.23.0,python,2.32.4,Requests vulnerable to .netrc credentials leak via malicious URLs
pipfile,grype,dependency,GHSA-9wx4-h78v-vm56,requests 2.23.0,,CVE-2024-35195,medium,5.6,examples/Pipfile.lock,,example,requests,2.23.0,python,2.32.0,Requests `Session` object does not verify requests after making first request with verify=False
pipfile,grype,dependency,GHSA-gc5v-m9x4-r6x2,requests 2.23.0,,CVE-2026-25645,medium,5.5,examples/Pipfile.lock,,example,requests,2.23.0,python,2.33.0,Requests has Insecure Temp File Reuse in its extract_zipped_paths() utility function
pipfile,grype,dependency,GHSA-j8r2-6x86-q33q,requests 2.23.0,,CVE-2023-32681,medium,6.1,examples/Pipfile.lock,,example,requests,2.23.0,python,2.31.0,Unintended leak of Proxy-Authorization header in requests
pipfile,grype,dependency,GHSA-gqgw-jghv-mxwx,tablib 1.1.0,,CVE-2026-9318,medium,5.4,examples/Pipfile.lock,,example,tablib,1.1.0,python,3.10.0,tablib: Stored XSS in the HTML export via unescaped dataset title
pipfile,grype,dependency,GHSA-2xpw-w6gg-jr37,urllib3 1.25.9,,CVE-2025-66471,high,8.9,examples/Pipfile.lock,,example,urllib3,1.25.9,python,2.6.0,urllib3 streaming API improperly handles highly compressed data
pipfile,grype,dependency,GHSA-34jh-p97f-mpxf,urllib3 1.25.9,,CVE-2024-37891,medium,6.5,examples/Pipfile.lock,,example,urllib3,1.25.9,python,1.26.19,urllib3's Proxy-Authorization request header isn't stripped during cross-origin redirects
pipfile,grype,dependency,GHSA-38jv-5279-wg99,urllib3 1.25.9,,CVE-2026-21441,high,8.9,examples/Pipfile.lock,,example,urllib3,1.25.9,python,2.6.3,Decompression-bomb safeguards bypassed when following HTTP redirects (streaming API)
pipfile,grype,dependency,GHSA-g4mx-q9vg-27p4,urllib3 1.25.9,,CVE-2023-45803,medium,5.7,examples/Pipfile.lock,,example,urllib3,1.25.9,python,1.26.18,urllib3's request body not stripped after redirect from 303 status changes request method to GET
pipfile,grype,dependency,GHSA-gm62-xv2j-4w53,urllib3 1.25.9,,CVE-2025-66418,high,8.9,examples/Pipfile.lock,,example,urllib3,1.25.9,python,2.6.0,urllib3 allows an unbounded number of links in the decompression chain
pipfile,grype,dependency,GHSA-pq67-6m6q-mj2v,urllib3 1.25.9,,CVE-2025-50181,medium,6.1,examples/Pipfile.lock,,example,urllib3,1.25.9,python,2.5.0,urllib3 redirects are not disabled when retries are disabled on PoolManager instantiation
pipfile,grype,dependency,GHSA-q2q7-5pp4-w6pg,urllib3 1.25.9,,CVE-2021-33503,high,8.7,examples/Pipfile.lock,,example,urllib3,1.25.9,python,1.26.5,Catastrophic backtracking in URL authority parser when passed URL containing many @ characters
pipfile,grype,dependency,GHSA-qccp-gfcp-xxvc,urllib3 1.25.9,,CVE-2026-44431,high,8.2,examples/Pipfile.lock,,example,urllib3,1.25.9,python,2.7.0,urllib3: Sensitive headers forwarded across origins in proxied low-level redirects
pipfile,grype,dependency,GHSA-v845-jxx5-vc9f,urllib3 1.25.9,,CVE-2023-43804,high,8.1,examples/Pipfile.lock,,example,urllib3,1.25.9,python,1.26.17,`Cookie` HTTP header isn't stripped on cross-origin redirects
pipfile,grype,dependency,GHSA-vxq7-64xx-v4gw,urllib3 1.25.9,,CVE-2026-97689,high,8.9,examples/Pipfile.lock,,example,urllib3,1.25.9,python,2.8.0,urllib3: HTTPResponse.stream()/read_chunked() buffers an unbounded chunk-size line into memory
setuptools,codeql,code,py/overly-permissive-file,Overly permissive file permissions,CWE-732,,high,7.8,setuptools/_distutils/tests/test_spawn.py,30,test,,,,,Overly permissive mask in chmod sets file to world writable.
setuptools,codeql,code,py/overly-permissive-file,Overly permissive file permissions,CWE-732,,high,7.8,setuptools/_distutils/tests/test_spawn.py,42,test,,,,,Overly permissive mask in chmod sets file to world writable.
setuptools,codeql,code,py/overly-permissive-file,Overly permissive file permissions,CWE-732,,high,7.8,setuptools/_vendor/backports/tarfile/__init__.py,320,vendor,,,,,Overly permissive mask in open sets file to world writable.
setuptools,codeql,code,py/bad-tag-filter,Bad HTML filtering regexp,"CWE-116, CWE-20, CWE-185, CWE-186",,high,7.8,setuptools/_vendor/jaraco/text/__init__.py,410,vendor,,,,,Comments ending with --> are matched differently from comments ending with --!>. The first is matched with capture group 1 and comments ending with --!> are matched with capture group 2.
setuptools,codeql,code,py/overly-permissive-file,Overly permissive file permissions,CWE-732,,high,7.8,setuptools/tests/test_wheel.py,625,test,,,,,Overly permissive mask in chmod sets file to world writable.
setuptools,codeql,ci,actions/unpinned-tag,Unpinned tag for a non-immutable Action or reusable workflow,CWE-829,,medium,5.0,.github/workflows/ci-sage.yml,83,ci,,,,,"Job [Job: linux](1) in 'Run Sage CI for Linux' uses reusable workflow 'sagemath/sage/.github/workflows/docker.yml' with ref 'develop', not a pinned commit hash"
setuptools,codeql,ci,actions/unpinned-tag,Unpinned tag for a non-immutable Action or reusable workflow,CWE-829,,medium,5.0,.github/workflows/main.yml,91,ci,,,,,"Unpinned 3rd party Action 'tests' step [Uses Step](1) uses 're-actors/alls-green' with ref 'release/v1', not a pinned commit hash"
setuptools,codeql,ci,actions/unpinned-tag,Unpinned tag for a non-immutable Action or reusable workflow,CWE-829,,medium,5.0,.github/workflows/main.yml,116,ci,,,,,"Unpinned 3rd party Action 'tests' step [Uses Step](1) uses 'cygwin/cygwin-install-action' with ref 'v4', not a pinned commit hash"
setuptools,codeql,ci,actions/unpinned-tag,Unpinned tag for a non-immutable Action or reusable workflow,CWE-829,,medium,5.0,.github/workflows/main.yml,152,ci,,,,,"Unpinned 3rd party Action 'tests' step [Uses Step](1) uses 'codecov/codecov-action' with ref 'v4', not a pinned commit hash"
setuptools,codeql,ci,actions/unpinned-tag,Unpinned tag for a non-immutable Action or reusable workflow,CWE-829,,medium,5.0,.github/workflows/main.yml,173,ci,,,,,"Unpinned 3rd party Action 'tests' step [Uses Step: changed-files-specific-distutils](1) uses 'tj-actions/changed-files' with ref 'v46', not a pinned commit hash"
setuptools,codeql,ci,actions/unpinned-tag,Unpinned tag for a non-immutable Action or reusable workflow,CWE-829,,medium,5.0,.github/workflows/main.yml,179,ci,,,,,"Unpinned 3rd party Action 'tests' step [Uses Step: changed-files-specific-vendor](1) uses 'tj-actions/changed-files' with ref 'v46', not a pinned commit hash"
setuptools,codeql,ci,actions/missing-workflow-permissions,Workflow does not contain permissions,CWE-275,,medium,5.0,.github/workflows/pyright.yml,41,ci,,,,,"Actions job or workflow does not limit the permissions of the GITHUB_TOKEN. Consider setting an explicit permissions block, using the following as a minimal starting point: {{contents: read}}"
setuptools,codeql,ci,actions/unpinned-tag,Unpinned tag for a non-immutable Action or reusable workflow,CWE-829,,medium,5.0,.github/workflows/pyright.yml,73,ci,,,,,"Unpinned 3rd party Action 'pyright' step [Uses Step](1) uses 'jakebailey/pyright-action' with ref 'v2', not a pinned commit hash"
setuptools,codeql,ci,actions/unpinned-tag,Unpinned tag for a non-immutable Action or reusable workflow,CWE-829,,medium,5.0,.github/workflows/test-suite.yml,120,ci,,,,,"Unpinned 3rd party Action 'Test Suite' step [Uses Step](1) uses 'codecov/codecov-action' with ref 'v4', not a pinned commit hash"
cibuildwheel,codeql,code,py/incomplete-url-substring-sanitization,Incomplete URL substring sanitization,CWE-20,,high,7.8,bin/update_docker.py,178,source,,,,,The string [quay.io/](1) may be at an arbitrary position in the sanitized URL.
cibuildwheel,codeql,code,py/incomplete-url-substring-sanitization,Incomplete URL substring sanitization,CWE-20,,high,7.8,bin/update_docker.py,180,source,,,,,The string [ghcr.io/](1) may be at an arbitrary position in the sanitized URL.
cibuildwheel,codeql,code,py/tarslip,Arbitrary file write during tarfile extraction,CWE-22,,high,7.5,cibuildwheel/util/file.py,146,source,,,,,This file extraction depends on a [potentially untrusted source](1).
cibuildwheel,codeql,code,py/jinja2/autoescape-false,Jinja2 templating with autoescape=False,CWE-79,,high,7.8,test/test_cpp_standards.py,57,test,,,,,Using jinja2 templates with autoescape=False can potentially allow XSS attacks.
cibuildwheel,codeql,code,py/jinja2/autoescape-false,Jinja2 templating with autoescape=False,CWE-79,,high,7.8,test/test_cpp_standards.py,58,test,,,,,Using jinja2 templates with autoescape=False can potentially allow XSS attacks.
cibuildwheel,codeql,code,py/jinja2/autoescape-false,Jinja2 templating with autoescape=False,CWE-79,,high,7.8,test/test_projects/meson.py,51,test,,,,,Using jinja2 templates with autoescape=False can potentially allow XSS attacks.
cibuildwheel,codeql,code,py/jinja2/autoescape-false,Jinja2 templating with autoescape=False,CWE-79,,high,7.8,test/test_projects/meson.py,52,test,,,,,Using jinja2 templates with autoescape=False can potentially allow XSS attacks.
cibuildwheel,codeql,code,py/jinja2/autoescape-false,Jinja2 templating with autoescape=False,CWE-79,,high,7.8,test/test_projects/meson.py,53,test,,,,,Using jinja2 templates with autoescape=False can potentially allow XSS attacks.
cibuildwheel,codeql,code,py/jinja2/autoescape-false,Jinja2 templating with autoescape=False,CWE-79,,high,7.8,test/test_projects/setuptools.py,127,test,,,,,Using jinja2 templates with autoescape=False can potentially allow XSS attacks.
cibuildwheel,codeql,code,py/jinja2/autoescape-false,Jinja2 templating with autoescape=False,CWE-79,,high,7.8,test/test_projects/setuptools.py,146,test,,,,,Using jinja2 templates with autoescape=False can potentially allow XSS attacks.
cibuildwheel,codeql,code,py/jinja2/autoescape-false,Jinja2 templating with autoescape=False,CWE-79,,high,7.8,test/test_projects/setuptools.py,147,test,,,,,Using jinja2 templates with autoescape=False can potentially allow XSS attacks.
cibuildwheel,codeql,code,py/jinja2/autoescape-false,Jinja2 templating with autoescape=False,CWE-79,,high,7.8,test/test_projects/setuptools.py,148,test,,,,,Using jinja2 templates with autoescape=False can potentially allow XSS attacks.
cibuildwheel,codeql,code,py/jinja2/autoescape-false,Jinja2 templating with autoescape=False,CWE-79,,high,7.8,test/test_subdir_package.py,17,test,,,,,Using jinja2 templates with autoescape=False can potentially allow XSS attacks.
flit,codeql,code,py/tarslip,Arbitrary file write during tarfile extraction,CWE-22,,high,7.5,flit/build.py,26,source,,,,,This file extraction depends on a [potentially untrusted source](1).
flit,codeql,code,py/overly-permissive-file,Overly permissive file permissions,CWE-732,,high,7.8,tests/test_install.py,373,test,,,,,Overly permissive mask in chmod sets file to world readable.
flit,codeql,code,py/overly-permissive-file,Overly permissive file permissions,CWE-732,,high,7.8,tests/test_install.py,377,test,,,,,Overly permissive mask in chmod sets file to world readable.
flit,codeql,ci,actions/missing-workflow-permissions,Workflow does not contain permissions,CWE-275,,medium,5.0,.github/workflows/test.yml,20,ci,,,,,"Actions job or workflow does not limit the permissions of the GITHUB_TOKEN. Consider setting an explicit permissions block, using the following as a minimal starting point: {{contents: read}}"
flit,codeql,ci,actions/unpinned-tag,Unpinned tag for a non-immutable Action or reusable workflow,CWE-829,,medium,5.0,.github/workflows/test.yml,84,ci,,,,,"Unpinned 3rd party Action 'Test' step [Uses Step](1) uses 'pypa/gh-action-pypi-publish' with ref 'release/v1', not a pinned commit hash"
flit,grype,dependency,GHSA-vxmw-7h4f-hqxh,pypa/gh-action-pypi-publish release/v1,,,low,0.0,.github/workflows/test.yml,,source,pypa/gh-action-pypi-publish,release/v1,github-action,1.13.0,PyPI publish GitHub Action vulnerable to injectable expression expansions in action steps
twine,codeql,code,py/incomplete-url-substring-sanitization,Incomplete URL substring sanitization,CWE-20,,high,7.8,twine/utils.py,260,source,,,,,The string [pypi.python.org](1) may be at an arbitrary position in the sanitized URL.
twine,codeql,code,py/incomplete-url-substring-sanitization,Incomplete URL substring sanitization,CWE-20,,high,7.8,twine/utils.py,270,source,,,,,The string [pypi.org](1) may be at an arbitrary position in the sanitized URL.
packaging.python.org,codeql,code,py/incomplete-url-substring-sanitization,Incomplete URL substring sanitization,CWE-20,,high,7.8,source/conf.py,16,source,,,,,The string [packaging.python.org](1) may be at an arbitrary position in the sanitized URL.
packaging.python.org,codeql,ci,actions/missing-workflow-permissions,Workflow does not contain permissions,CWE-275,,medium,5.0,.github/workflows/cron.yml,11,ci,,,,,"Actions job or workflow does not limit the permissions of the GITHUB_TOKEN. Consider setting an explicit permissions block, using the following as a minimal starting point: {{}}"
gh-action-pypi-publish,codeql,ci,actions/unpinned-tag,Unpinned tag for a non-immutable Action or reusable workflow,CWE-829,,medium,5.0,.github/workflows/build-and-push-docker-image.yml,36,ci,,,,,"Unpinned 3rd party Action '🏗️' step [Uses Step](1) uses 're-actors/alls-green' with ref 'release/v1', not a pinned commit hash"
gh-action-pypi-publish,codeql,ci,actions/code-injection/medium,Code injection,"CWE-94, CWE-95, CWE-116",,medium,5.0,action.yml,129,ci,,,,,"Potential code injection in [${{
  steps.pre-installed-python.outputs.python-path == ''
  && steps.new-python.outputs.python-path
  || steps.pre-installed-python.outputs.python-path
}}](1), which may be controlled by an external user."
gh-action-pypi-publish,codeql,ci,actions/code-injection/medium,Code injection,"CWE-94, CWE-95, CWE-116",,medium,5.0,action.yml,133,ci,,,,,"Potential code injection in [${{ github.action_path }}](1), which may be controlled by an external user."
setuptools-scm,grype,dependency,GHSA-537c-gmf6-5ccf,cryptography 47.0.0,,,high,7.5,uv.lock,,source,cryptography,47.0.0,python,48.0.1,Vulnerable OpenSSL included in cryptography wheels
setuptools-scm,grype,dependency,GHSA-g6cj-pr64-35w5,cryptography 47.0.0,,CVE-2026-69247,high,8.2,uv.lock,,source,cryptography,47.0.0,python,50.0.0,cryptography: PKCS#7 EnvelopedData decryption exposes a Bleichenbacher oracle through distinguishable errors and timing
setuptools-scm,grype,dependency,GHSA-g6cj-pr64-35w5,cryptography 48.0.1,,CVE-2026-69247,high,8.2,uv.lock,,source,cryptography,48.0.1,python,50.0.0,cryptography: PKCS#7 EnvelopedData decryption exposes a Bleichenbacher oracle through distinguishable errors and timing
setuptools-scm,grype,dependency,GHSA-jwv3-5hgf-82ww,cryptography 47.0.0,,CVE-2026-69249,high,8.7,uv.lock,,source,cryptography,47.0.0,python,49.0.0,python-cryptography: Duplicate self-signed intermediates can cause exponential path-building
setuptools-scm,grype,dependency,GHSA-jwv3-5hgf-82ww,cryptography 48.0.1,,CVE-2026-69249,high,8.7,uv.lock,,source,cryptography,48.0.1,python,49.0.0,python-cryptography: Duplicate self-signed intermediates can cause exponential path-building
setuptools-scm,grype,dependency,GHSA-m2h6-j472-rp4c,cryptography 47.0.0,,CVE-2026-69248,medium,6.9,uv.lock,,source,cryptography,47.0.0,python,49.0.0,python-cryptography verifier accepts wildcard DNS names allowing escape from permittedSubtrees
setuptools-scm,grype,dependency,GHSA-m2h6-j472-rp4c,cryptography 48.0.1,,CVE-2026-69248,medium,6.9,uv.lock,,source,cryptography,48.0.1,python,49.0.0,python-cryptography verifier accepts wildcard DNS names allowing escape from permittedSubtrees
setuptools-scm,grype,dependency,GHSA-4xh5-x5gv-qwph,pip 25.0.1,,CVE-2025-8869,medium,5.9,uv.lock,,source,pip,25.0.1,python,25.3,pip's fallback tar extraction doesn't check symbolic links point to extraction directory
setuptools-scm,grype,dependency,GHSA-58qw-9mgm-455v,pip 25.0.1,,CVE-2026-3219,medium,4.6,uv.lock,,source,pip,25.0.1,python,26.1,pip has an interpretation conflict due to handling both concatenated tar and ZIP files as ZIP files
setuptools-scm,grype,dependency,GHSA-58qw-9mgm-455v,pip 26.0.1,,CVE-2026-3219,medium,4.6,uv.lock,,source,pip,26.0.1,python,26.1,pip has an interpretation conflict due to handling both concatenated tar and ZIP files as ZIP files
setuptools-scm,grype,dependency,GHSA-6vgw-5pg2-w6jp,pip 25.0.1,,CVE-2026-1703,low,2.0,uv.lock,,source,pip,25.0.1,python,26.0,pip Path Traversal vulnerability
setuptools-scm,grype,dependency,GHSA-jp4c-xjxw-mgf9,pip 25.0.1,,CVE-2026-6357,medium,5.3,uv.lock,,source,pip,25.0.1,python,26.1,pip Vulnerable to Inclusion of Functionality from Untrusted Control Sphere
setuptools-scm,grype,dependency,GHSA-jp4c-xjxw-mgf9,pip 26.0.1,,CVE-2026-6357,medium,5.3,uv.lock,,source,pip,26.0.1,python,26.1,pip Vulnerable to Inclusion of Functionality from Untrusted Control Sphere
setuptools-scm,grype,dependency,GHSA-qwm4-qh6w-59xr,pip 25.0.1,,CVE-2026-13346,medium,6.5,uv.lock,,source,pip,25.0.1,python,26.2.0,pip would incorrectly handle doubly-encoded package URLs from indexes
setuptools-scm,grype,dependency,GHSA-qwm4-qh6w-59xr,pip 26.0.1,,CVE-2026-13346,medium,6.5,uv.lock,,source,pip,26.0.1,python,26.2.0,pip would incorrectly handle doubly-encoded package URLs from indexes
setuptools-scm,grype,dependency,GHSA-qwm4-qh6w-59xr,pip 26.1.2,,CVE-2026-13346,medium,6.5,uv.lock,,source,pip,26.1.2,python,26.2.0,pip would incorrectly handle doubly-encoded package URLs from indexes
setuptools-scm,grype,dependency,GHSA-wf93-45jw-7689,pip 25.0.1,,CVE-2026-8643,medium,8.0,uv.lock,,source,pip,25.0.1,python,26.1.2,pip: Path traversal in console_scripts/gui_scripts entry point names allows installing scripts outside of target directory
setuptools-scm,grype,dependency,GHSA-wf93-45jw-7689,pip 26.0.1,,CVE-2026-8643,medium,8.0,uv.lock,,source,pip,26.0.1,python,26.1.2,pip: Path traversal in console_scripts/gui_scripts entry point names allows installing scripts outside of target directory
setuptools-scm,grype,dependency,GHSA-5239-wwwm-4pmq,pygments 2.19.2,,CVE-2026-4539,low,3.3,uv.lock,,source,pygments,2.19.2,python,2.20.0,Pygments has Regular Expression Denial of Service (ReDoS) due to Inefficient Regex for GUID Matching
setuptools-scm,grype,dependency,GHSA-2gx3-rcp4-g85q,pyjwt 2.13.0,,CVE-2026-101917,medium,5.3,uv.lock,,source,pyjwt,2.13.0,python,2.14.0,PyJWT: PyJWKClient still amplifies unauthenticated JWKS fetches on unknown kid values (incomplete fix of CVE-2026-48524)
setuptools-scm,grype,dependency,GHSA-2gx3-rcp4-g85q,pyjwt 2.9.0,,CVE-2026-101917,medium,5.3,uv.lock,,source,pyjwt,2.9.0,python,2.14.0,PyJWT: PyJWKClient still amplifies unauthenticated JWKS fetches on unknown kid values (incomplete fix of CVE-2026-48524)
setuptools-scm,grype,dependency,GHSA-42vr-xj54-vc7v,pyjwt 2.13.0,,CVE-2026-101918,medium,5.3,uv.lock,,source,pyjwt,2.13.0,python,2.15.0,PyJWT: Unauthenticated RecursionError DoS in pre-verification payload parse (PyJWKClient.get_signing_key_from_jwt / verify_signature=False)
setuptools-scm,grype,dependency,GHSA-42vr-xj54-vc7v,pyjwt 2.9.0,,CVE-2026-101918,medium,5.3,uv.lock,,source,pyjwt,2.9.0,python,2.15.0,PyJWT: Unauthenticated RecursionError DoS in pre-verification payload parse (PyJWKClient.get_signing_key_from_jwt / verify_signature=False)
setuptools-scm,grype,dependency,GHSA-752w-5fwx-jx9f,pyjwt 2.9.0,,CVE-2026-32597,high,7.5,uv.lock,,source,pyjwt,2.9.0,python,2.12.0,PyJWT accepts unknown `crit` header extensions
setuptools-scm,grype,dependency,GHSA-8wjv-2p76-3863,pyjwt 2.13.0,,CVE-2026-102265,medium,5.3,uv.lock,,source,pyjwt,2.13.0,python,2.14.0,PyJWT: Uncaught RecursionError in jwt.decode() on deeply nested token header
setuptools-scm,grype,dependency,GHSA-993g-76c3-p5m4,pyjwt 2.9.0,,CVE-2026-48522,medium,4.2,uv.lock,,source,pyjwt,2.9.0,python,2.13.0,"PyJWKClient: missing scheme allowlist enables CVE-2024-21643-class SSRF + token forgery via file://, ftp://, data: schemes"
setuptools-scm,grype,dependency,GHSA-9j54-fg26-wv3r,pyjwt 2.13.0,,CVE-2026-102266,high,7.4,uv.lock,,source,pyjwt,2.13.0,python,2.14.0,"PyJWT: PyJWK accepts empty HMAC keys, bypassing PyJWT's empty-key validation"
setuptools-scm,grype,dependency,GHSA-9v7f-9g4p-ffgj,pyjwt 2.13.0,,CVE-2026-102267,high,7.4,uv.lock,,source,pyjwt,2.13.0,python,2.14.0,PyJWT: PyJWKClient follows redirects when fetching JWKS
setuptools-scm,grype,dependency,GHSA-9v7f-9g4p-ffgj,pyjwt 2.9.0,,CVE-2026-102267,high,7.4,uv.lock,,source,pyjwt,2.9.0,python,2.14.0,PyJWT: PyJWKClient follows redirects when fetching JWKS
setuptools-scm,grype,dependency,GHSA-ffc3-869f-jxw9,pyjwt 2.13.0,,CVE-2026-102268,critical,9.1,uv.lock,,source,pyjwt,2.13.0,python,2.14.0,PyJWT: Asymmetric-PEM detection bypass: whitespace/line-ending-mutated public keys skip the HS/asymmetric confusion guard
setuptools-scm,grype,dependency,GHSA-ffc3-869f-jxw9,pyjwt 2.9.0,,CVE-2026-102268,critical,9.1,uv.lock,,source,pyjwt,2.9.0,python,2.14.0,PyJWT: Asymmetric-PEM detection bypass: whitespace/line-ending-mutated public keys skip the HS/asymmetric confusion guard
setuptools-scm,grype,dependency,GHSA-fhv5-28vv-h8m8,pyjwt 2.9.0,,CVE-2026-48524,low,3.7,uv.lock,,source,pyjwt,2.9.0,python,2.13.0,PyJWKClient unbounded JWKS endpoint requests via attacker-controlled kid values (DoS)
setuptools-scm,grype,dependency,GHSA-gvp8-978c-rx2q,pyjwt 2.13.0,,CVE-2026-103001,medium,6.5,uv.lock,,source,pyjwt,2.13.0,python,,"PyJWT.decode() reintroduces options-dict mutation, enabling silent claim-verification bypass on dict reuse"
setuptools-scm,grype,dependency,GHSA-hxm8-2xgr-2p9m,pyjwt 2.13.0,,CVE-2026-102269,medium,4.8,uv.lock,,source,pyjwt,2.13.0,python,2.14.0,PyJWT: Non-canonical signature segments enable raw-token revocation bypass
setuptools-scm,grype,dependency,GHSA-hxm8-2xgr-2p9m,pyjwt 2.9.0,,CVE-2026-102269,medium,4.8,uv.lock,,source,pyjwt,2.9.0,python,2.14.0,PyJWT: Non-canonical signature segments enable raw-token revocation bypass
setuptools-scm,grype,dependency,GHSA-jq35-7prp-9v3f,pyjwt 2.9.0,,CVE-2026-48523,medium,5.4,uv.lock,,source,pyjwt,2.9.0,python,2.13.0,PyJWT: Algorithm allow-list bypass when decoding with `PyJWK` / `PyJWKClient` keys
setuptools-scm,grype,dependency,GHSA-jwrc-g2q2-pq5p,pyjwt 2.13.0,,CVE-2026-102270,medium,4.4,uv.lock,,source,pyjwt,2.13.0,python,2.14.0,PyJWT: ReDoS vulnerability when calling the `is_pem_format` function.
setuptools-scm,grype,dependency,GHSA-jwrc-g2q2-pq5p,pyjwt 2.9.0,,CVE-2026-102270,medium,4.4,uv.lock,,source,pyjwt,2.9.0,python,2.14.0,PyJWT: ReDoS vulnerability when calling the `is_pem_format` function.
setuptools-scm,grype,dependency,GHSA-p4g4-x82p-q773,pyjwt 2.13.0,,CVE-2026-102271,high,7.4,uv.lock,,source,pyjwt,2.13.0,python,2.14.0,"PyJWT: Public keys in DER form are accepted as HMAC secrets, bypassing the CVE-2022-29217 guard"
setuptools-scm,grype,dependency,GHSA-p4g4-x82p-q773,pyjwt 2.9.0,,CVE-2026-102271,high,7.4,uv.lock,,source,pyjwt,2.9.0,python,2.14.0,"PyJWT: Public keys in DER form are accepted as HMAC secrets, bypassing the CVE-2022-29217 guard"
setuptools-scm,grype,dependency,GHSA-r6x4-923q-g947,pyjwt 2.13.0,,CVE-2026-102272,high,7.4,uv.lock,,source,pyjwt,2.13.0,python,2.14.0,PyJWT BOM Bypass
setuptools-scm,grype,dependency,GHSA-w2cx-738m-mc7w,pyjwt 2.13.0,,CVE-2026-102273,high,7.4,uv.lock,,source,pyjwt,2.13.0,python,2.14.0,PyJWT accepts public JWK containers as HMAC secrets
setuptools-scm,grype,dependency,GHSA-w6j9-cwv2-h6wq,pyjwt 2.13.0,,CVE-2026-102274,medium,5.9,uv.lock,,source,pyjwt,2.13.0,python,2.14.0,PyJWT: Malformed RSA JWK aborts parsing of an entire JWK Set
setuptools-scm,grype,dependency,GHSA-w6j9-cwv2-h6wq,pyjwt 2.9.0,,CVE-2026-102274,medium,5.9,uv.lock,,source,pyjwt,2.9.0,python,2.14.0,PyJWT: Malformed RSA JWK aborts parsing of an entire JWK Set
setuptools-scm,grype,dependency,GHSA-w7vc-732c-9m39,pyjwt 2.9.0,,CVE-2026-48525,medium,5.3,uv.lock,,source,pyjwt,2.9.0,python,2.13.0,PyJWT: Unauthenticated DoS via unbounded Base64URL decoding of unused payload segment in b64=false detached JWS
setuptools-scm,grype,dependency,GHSA-xgmm-8j9v-c9wx,pyjwt 2.9.0,,CVE-2026-48526,high,7.4,uv.lock,,source,pyjwt,2.9.0,python,2.13.0,PyJWT: Public-key JWK accepted as HMAC secret enables forged HS256 tokens when mixed families are allowed
setuptools-scm,grype,dependency,GHSA-6w46-j5rx-g56g,pytest 8.3.5,,CVE-2025-71176,medium,6.8,uv.lock,,source,pytest,8.3.5,python,9.0.3,pytest has vulnerable tmpdir handling
setuptools-scm,grype,dependency,GHSA-6w46-j5rx-g56g,pytest 8.4.2,,CVE-2025-71176,medium,6.8,uv.lock,,source,pytest,8.4.2,python,9.0.3,pytest has vulnerable tmpdir handling
setuptools-scm,grype,dependency,GHSA-9hjg-9r4m-mvj7,requests 2.15.1,,CVE-2024-47081,medium,5.3,uv.lock,,source,requests,2.15.1,python,2.32.4,Requests vulnerable to .netrc credentials leak via malicious URLs
setuptools-scm,grype,dependency,GHSA-9wx4-h78v-vm56,requests 2.15.1,,CVE-2024-35195,medium,5.6,uv.lock,,source,requests,2.15.1,python,2.32.0,Requests `Session` object does not verify requests after making first request with verify=False
setuptools-scm,grype,dependency,GHSA-gc5v-m9x4-r6x2,requests 2.15.1,,CVE-2026-25645,medium,5.5,uv.lock,,source,requests,2.15.1,python,2.33.0,Requests has Insecure Temp File Reuse in its extract_zipped_paths() utility function
setuptools-scm,grype,dependency,GHSA-j8r2-6x86-q33q,requests 2.15.1,,CVE-2023-32681,medium,6.1,uv.lock,,source,requests,2.15.1,python,2.31.0,Unintended leak of Proxy-Authorization header in requests
setuptools-scm,grype,dependency,GHSA-x84v-xcm2-53pg,requests 2.15.1,,CVE-2018-18074,high,7.5,uv.lock,,source,requests,2.15.1,python,2.20.0,Insufficiently Protected Credentials in Requests
setuptools-scm,grype,dependency,GHSA-5rjg-fvgr-3xxf,setuptools 75.3.4,,CVE-2025-47273,high,8.8,uv.lock,,source,setuptools,75.3.4,python,78.1.1,setuptools has a path traversal vulnerability in PackageIndex.download that leads to Arbitrary File Write
setuptools-scm,grype,dependency,GHSA-h35f-9h28-mq5c,setuptools 75.3.4,,CVE-2026-59890,medium,6.1,uv.lock,,source,setuptools,75.3.4,python,83.0.0,setuptools: MANIFEST.in exclusion bypass in sdist via Unicode normalization collision (NFC/NFD) on macOS APFS/HFS+
setuptools-scm,grype,dependency,GHSA-h35f-9h28-mq5c,setuptools 80.9.0,,CVE-2026-59890,medium,6.1,uv.lock,,source,setuptools,80.9.0,python,83.0.0,setuptools: MANIFEST.in exclusion bypass in sdist via Unicode normalization collision (NFC/NFD) on macOS APFS/HFS+
get-pip,codeql,ci,actions/missing-workflow-permissions,Workflow does not contain permissions,CWE-275,,medium,5.0,.github/workflows/check.yml,11,ci,,,,,"Actions job or workflow does not limit the permissions of the GITHUB_TOKEN. Consider setting an explicit permissions block, using the following as a minimal starting point: {{contents: read}}"
get-pip,codeql,ci,actions/missing-workflow-permissions,Workflow does not contain permissions,CWE-275,,medium,5.0,.github/workflows/check.yml,23,ci,,,,,"Actions job or workflow does not limit the permissions of the GITHUB_TOKEN. Consider setting an explicit permissions block, using the following as a minimal starting point: {{contents: read}}"
build,codeql,code,py/tarslip,Arbitrary file write during tarfile extraction,CWE-22,,high,7.5,tests/test_integration.py,57,test,,,,,This file extraction depends on a [potentially untrusted source](1).
packaging,codeql,code,py/tarslip,Arbitrary file write during tarfile extraction,CWE-22,,high,7.5,noxfile.py,319,source,,,,,This file extraction depends on a [potentially untrusted source](1).
packaging,codeql,ci,actions/untrusted-checkout/medium,Checkout of untrusted code in a non-privileged context,CWE-829,,medium,5.0,.github/workflows/publish.yml,34,ci,,,,,Potential unsafe checkout of untrusted pull request on non-privileged workflow.
wheel,codeql,ci,actions/missing-workflow-permissions,Workflow does not contain permissions,CWE-275,,medium,5.0,.github/workflows/publish.yml,13,ci,,,,,"Actions job or workflow does not limit the permissions of the GITHUB_TOKEN. Consider setting an explicit permissions block, using the following as a minimal starting point: {{contents: read}}"
wheel,codeql,ci,actions/unpinned-tag,Unpinned tag for a non-immutable Action or reusable workflow,CWE-829,,medium,5.0,.github/workflows/publish.yml,41,ci,,,,,"Unpinned 3rd party Action 'Publish packages to PyPI' step [Uses Step](1) uses 'pypa/gh-action-pypi-publish' with ref 'release/v1', not a pinned commit hash"
wheel,codeql,ci,actions/unpinned-tag,Unpinned tag for a non-immutable Action or reusable workflow,CWE-829,,medium,5.0,.github/workflows/publish.yml,52,ci,,,,,"Unpinned 3rd party Action 'Publish packages to PyPI' step [Uses Step: changelog](1) uses 'agronholm/release-notes' with ref 'v1', not a pinned commit hash"
wheel,codeql,ci,actions/unpinned-tag,Unpinned tag for a non-immutable Action or reusable workflow,CWE-829,,medium,5.0,.github/workflows/publish.yml,56,ci,,,,,"Unpinned 3rd party Action 'Publish packages to PyPI' step [Uses Step](1) uses 'ncipollo/release-action' with ref 'v1', not a pinned commit hash"
wheel,codeql,ci,actions/missing-workflow-permissions,Workflow does not contain permissions,CWE-275,,medium,5.0,.github/workflows/test.yml,13,ci,,,,,"Actions job or workflow does not limit the permissions of the GITHUB_TOKEN. Consider setting an explicit permissions block, using the following as a minimal starting point: {{contents: read}}"
wheel,codeql,ci,actions/unpinned-tag,Unpinned tag for a non-immutable Action or reusable workflow,CWE-829,,medium,5.0,.github/workflows/test.yml,48,ci,,,,,"Unpinned 3rd party Action 'Run the test suite' step [Uses Step](1) uses 'codecov/codecov-action' with ref 'v5', not a pinned commit hash"
wheel,grype,dependency,GHSA-cxww-7g56-2vh6,actions/download-artifact v4,,,high,8.6,.github/workflows/publish.yml,,source,actions/download-artifact,v4,github-action,4.1.3,@actions/download-artifact has an Arbitrary File Write via artifact extraction
wheel,grype,dependency,GHSA-vxmw-7h4f-hqxh,pypa/gh-action-pypi-publish release/v1,,,low,0.0,.github/workflows/publish.yml,,source,pypa/gh-action-pypi-publish,release/v1,github-action,1.13.0,PyPI publish GitHub Action vulnerable to injectable expression expansions in action steps
bandersnatch,codeql,code,py/incomplete-url-substring-sanitization,Incomplete URL substring sanitization,CWE-20,,high,7.8,src/bandersnatch/tests/conftest.py,150,test,,,,,The string [https://not-working.example.com](1) may be at an arbitrary position in the sanitized URL.
bandersnatch,codeql,code,py/overly-permissive-file,Overly permissive file permissions,CWE-732,,high,7.8,src/bandersnatch/utils.py,148,source,,,,,Overly permissive mask in chmod sets file to world readable.
bandersnatch,codeql,code,py/overly-permissive-file,Overly permissive file permissions,CWE-732,,high,7.8,src/bandersnatch_storage_plugins/filesystem.py,102,source,,,,,Overly permissive mask in chmod sets file to world readable.
bandersnatch,codeql,ci,actions/unpinned-tag,Unpinned tag for a non-immutable Action or reusable workflow,CWE-829,,medium,5.0,.github/workflows/ci.yml,56,ci,,,,,"Unpinned 3rd party Action 'bandersnatch_ci' step [Uses Step](1) uses 'codecov/codecov-action' with ref 'v7', not a pinned commit hash"
bandersnatch,codeql,ci,actions/unpinned-tag,Unpinned tag for a non-immutable Action or reusable workflow,CWE-829,,medium,5.0,.github/workflows/ci_ubuntu.yml,56,ci,,,,,"Unpinned 3rd party Action 'bandersnatch_ci_ubuntu' step [Uses Step](1) uses 'codecov/codecov-action' with ref 'v7', not a pinned commit hash"
bandersnatch,codeql,ci,actions/unpinned-tag,Unpinned tag for a non-immutable Action or reusable workflow,CWE-829,,medium,5.0,.github/workflows/docker_upload.yml,22,ci,,,,,"Unpinned 3rd party Action 'bandersnatch_docker_upload' step [Uses Step](1) uses 'docker/setup-qemu-action' with ref 'v4', not a pinned commit hash"
bandersnatch,codeql,ci,actions/unpinned-tag,Unpinned tag for a non-immutable Action or reusable workflow,CWE-829,,medium,5.0,.github/workflows/docker_upload.yml,25,ci,,,,,"Unpinned 3rd party Action 'bandersnatch_docker_upload' step [Uses Step](1) uses 'docker/setup-buildx-action' with ref 'v4', not a pinned commit hash"
bandersnatch,codeql,ci,actions/unpinned-tag,Unpinned tag for a non-immutable Action or reusable workflow,CWE-829,,medium,5.0,.github/workflows/docker_upload.yml,28,ci,,,,,"Unpinned 3rd party Action 'bandersnatch_docker_upload' step [Uses Step](1) uses 'docker/login-action' with ref 'v4.6.0', not a pinned commit hash"
bandersnatch,codeql,ci,actions/unpinned-tag,Unpinned tag for a non-immutable Action or reusable workflow,CWE-829,,medium,5.0,.github/workflows/docker_upload.yml,39,ci,,,,,"Unpinned 3rd party Action 'bandersnatch_docker_upload' step [Uses Step](1) uses 'docker/build-push-action' with ref 'v7', not a pinned commit hash"
bandersnatch,codeql,ci,actions/unpinned-tag,Unpinned tag for a non-immutable Action or reusable workflow,CWE-829,,medium,5.0,.github/workflows/docker_upload.yml,53,ci,,,,,"Unpinned 3rd party Action 'bandersnatch_docker_upload' step [Uses Step](1) uses 'docker/build-push-action' with ref 'v7', not a pinned commit hash"
bandersnatch,grype,dependency,GHSA-8988-9cw3-xx77,urllib3 2.7.0,,CVE-2026-97687,high,7.6,requirements_s3.txt,,source,urllib3,2.7.0,python,2.8.0,urllib3: HTTPS proxy TLS configuration may be ignored or overridden
bandersnatch,grype,dependency,GHSA-gh4c-6fx4-qh6g,urllib3 2.7.0,,CVE-2026-97688,medium,6.9,requirements_s3.txt,,source,urllib3,2.7.0,python,2.8.0,urllib3: Chunked Deflate streaming can enter an infinite loop
bandersnatch,grype,dependency,GHSA-vxq7-64xx-v4gw,urllib3 2.7.0,,CVE-2026-97689,high,8.9,requirements_s3.txt,,source,urllib3,2.7.0,python,2.8.0,urllib3: HTTPResponse.stream()/read_chunked() buffers an unbounded chunk-size line into memory
trove-classifiers,codeql,ci,actions/missing-workflow-permissions,Workflow does not contain permissions,CWE-275,,medium,5.0,.github/workflows/main.yml,10,ci,,,,,"Actions job or workflow does not limit the permissions of the GITHUB_TOKEN. Consider setting an explicit permissions block, using the following as a minimal starting point: {{contents: read}}"
trove-classifiers,codeql,ci,actions/unpinned-tag,Unpinned tag for a non-immutable Action or reusable workflow,CWE-829,,medium,5.0,.github/workflows/release.yml,51,ci,,,,,"Unpinned 3rd party Action 'Release' step [Uses Step](1) uses 'pypa/gh-action-pypi-publish' with ref 'release/v1', not a pinned commit hash"
trove-classifiers,codeql,ci,actions/missing-workflow-permissions,Workflow does not contain permissions,CWE-275,,medium,5.0,.github/workflows/release.yml,53,ci,,,,,"Actions job or workflow does not limit the permissions of the GITHUB_TOKEN. Consider setting an explicit permissions block, using the following as a minimal starting point: {{contents: read}}"
trove-classifiers,grype,dependency,GHSA-cxww-7g56-2vh6,actions/download-artifact v4,,,high,8.6,.github/workflows/release.yml,,source,actions/download-artifact,v4,github-action,4.1.3,@actions/download-artifact has an Arbitrary File Write via artifact extraction
trove-classifiers,grype,dependency,GHSA-vxmw-7h4f-hqxh,pypa/gh-action-pypi-publish release/v1,,,low,0.0,.github/workflows/release.yml,,source,pypa/gh-action-pypi-publish,release/v1,github-action,1.13.0,PyPI publish GitHub Action vulnerable to injectable expression expansions in action steps
pyproject-hooks,grype,dependency,GHSA-vxmw-7h4f-hqxh,pypa/gh-action-pypi-publish v1,,,low,0.0,.github/workflows/ci.yml,,source,pypa/gh-action-pypi-publish,v1,github-action,1.13.0,PyPI publish GitHub Action vulnerable to injectable expression expansions in action steps
abi3audit,grype,dependency,GHSA-65pc-fj4g-8rjx,idna 3.11,,CVE-2026-45409,medium,6.9,uv.lock,,source,idna,3.11,python,3.15,Internationalized Domain Names in Applications (IDNA): Specially crafted inputs to idna.encode() can bypass CVE-2024-3651 fix
abi3audit,grype,dependency,GHSA-5239-wwwm-4pmq,pygments 2.19.2,,CVE-2026-4539,low,3.3,uv.lock,,source,pygments,2.19.2,python,2.20.0,Pygments has Regular Expression Denial of Service (ReDoS) due to Inefficient Regex for GUID Matching
abi3audit,grype,dependency,GHSA-6w46-j5rx-g56g,pytest 9.0.2,,CVE-2025-71176,medium,6.8,uv.lock,,source,pytest,9.0.2,python,9.0.3,pytest has vulnerable tmpdir handling
abi3audit,grype,dependency,GHSA-gc5v-m9x4-r6x2,requests 2.32.5,,CVE-2026-25645,medium,5.5,uv.lock,,source,requests,2.32.5,python,2.33.0,Requests has Insecure Temp File Reuse in its extract_zipped_paths() utility function
abi3audit,grype,dependency,GHSA-8988-9cw3-xx77,urllib3 2.6.3,,CVE-2026-97687,high,7.6,uv.lock,,source,urllib3,2.6.3,python,2.8.0,urllib3: HTTPS proxy TLS configuration may be ignored or overridden
abi3audit,grype,dependency,GHSA-gh4c-6fx4-qh6g,urllib3 2.6.3,,CVE-2026-97688,medium,6.9,uv.lock,,source,urllib3,2.6.3,python,2.8.0,urllib3: Chunked Deflate streaming can enter an infinite loop
abi3audit,grype,dependency,GHSA-mf9v-mfxr-j63j,urllib3 2.6.3,,CVE-2026-44432,high,8.9,uv.lock,,source,urllib3,2.6.3,python,2.7.0,urllib3: Decompression-bomb safeguards bypassed in parts of the streaming API
abi3audit,grype,dependency,GHSA-qccp-gfcp-xxvc,urllib3 2.6.3,,CVE-2026-44431,high,8.2,uv.lock,,source,urllib3,2.6.3,python,2.7.0,urllib3: Sensitive headers forwarded across origins in proxied low-level redirects
abi3audit,grype,dependency,GHSA-vxq7-64xx-v4gw,urllib3 2.6.3,,CVE-2026-97689,high,8.9,uv.lock,,source,urllib3,2.6.3,python,2.8.0,urllib3: HTTPResponse.stream()/read_chunked() buffers an unbounded chunk-size line into memory
gh-action-pip-audit,codeql,ci,actions/code-injection/medium,Code injection,"CWE-94, CWE-95, CWE-116",,medium,5.0,action.yml,71,ci,,,,,"Potential code injection in [${{ github.action_path }}](1), which may be controlled by an external user."
gh-action-pip-audit,codeql,ci,actions/code-injection/medium,Code injection,"CWE-94, CWE-95, CWE-116",,medium,5.0,action.yml,80,ci,,,,,"Potential code injection in [${{ github.action_path }}](1), which may be controlled by an external user."
gh-action-pip-audit,codeql,ci,actions/code-injection/medium,Code injection,"CWE-94, CWE-95, CWE-116",,medium,5.0,action.yml,82,ci,,,,,"Potential code injection in [${{ github.action_path }}](1), which may be controlled by an external user."
distlib,codeql,code,py/incomplete-url-substring-sanitization,Incomplete URL substring sanitization,CWE-20,,high,7.8,distlib/locators.py,200,source,,,,,The string [pypi.org](1) may be at an arbitrary position in the sanitized URL.
distlib,codeql,code,py/tarslip,Arbitrary file write during tarfile extraction,CWE-22,,high,7.5,distlib/util.py,1307,source,,,,,This file extraction depends on a [potentially untrusted source](1).
distlib,codeql,code,py/insecure-protocol,Use of insecure SSL/TLS version,CWE-327,,high,7.5,distlib/util.py,1504,source,,,,,"Insecure SSL/TLS protocol version TLSv1 allowed by [call to ssl.SSLContext](1).
Insecure SSL/TLS protocol version TLSv1_1 allowed by [call to ssl.SSLContext](1)."
distlib,codeql,code,py/overly-permissive-file,Overly permissive file permissions,CWE-732,,high,7.8,tests/test_database.py,56,test,,,,,Overly permissive mask in chmod sets file to world readable.
distlib,codeql,code,py/overly-permissive-file,Overly permissive file permissions,CWE-732,,high,7.8,tests/test_database.py,58,test,,,,,Overly permissive mask in chmod sets file to world readable.
distlib,codeql,code,py/overly-permissive-file,Overly permissive file permissions,CWE-732,,high,7.8,tests/test_database.py,60,test,,,,,Overly permissive mask in chmod sets file to world readable.
distlib,codeql,ci,actions/missing-workflow-permissions,Workflow does not contain permissions,CWE-275,,medium,5.0,.github/workflows/package-tests.yml,24,ci,,,,,"Actions job or workflow does not limit the permissions of the GITHUB_TOKEN. Consider setting an explicit permissions block, using the following as a minimal starting point: {{contents: read}}"
distlib,codeql,ci,actions/unpinned-tag,Unpinned tag for a non-immutable Action or reusable workflow,CWE-829,,medium,5.0,.github/workflows/package-tests.yml,64,ci,,,,,"Unpinned 3rd party Action 'Tests' step [Uses Step](1) uses 'codecov/codecov-action' with ref 'v4', not a pinned commit hash"
scripttest,codeql,ci,actions/missing-workflow-permissions,Workflow does not contain permissions,CWE-275,,medium,5.0,.github/workflows/ci.yaml,9,ci,,,,,"Actions job or workflow does not limit the permissions of the GITHUB_TOKEN. Consider setting an explicit permissions block, using the following as a minimal starting point: {{contents: read}}"
scripttest,codeql,ci,actions/missing-workflow-permissions,Workflow does not contain permissions,CWE-275,,medium,5.0,.github/workflows/ci.yaml,17,ci,,,,,"Actions job or workflow does not limit the permissions of the GITHUB_TOKEN. Consider setting an explicit permissions block, using the following as a minimal starting point: {{contents: read}}"
scripttest,codeql,ci,actions/unpinned-tag,Unpinned tag for a non-immutable Action or reusable workflow,CWE-829,,medium,5.0,.github/workflows/ci.yaml,21,ci,,,,,"Unpinned 3rd party Action 'CI' step [Uses Step](1) uses 'pre-commit/action' with ref 'v3.0.1', not a pinned commit hash"
scripttest,codeql,ci,actions/missing-workflow-permissions,Workflow does not contain permissions,CWE-275,,medium,5.0,.github/workflows/ci.yaml,24,ci,,,,,"Actions job or workflow does not limit the permissions of the GITHUB_TOKEN. Consider setting an explicit permissions block, using the following as a minimal starting point: {{contents: read}}"
scripttest,codeql,ci,actions/missing-workflow-permissions,Workflow does not contain permissions,CWE-275,,medium,5.0,.github/workflows/ci.yaml,45,ci,,,,,"Actions job or workflow does not limit the permissions of the GITHUB_TOKEN. Consider setting an explicit permissions block, using the following as a minimal starting point: {{contents: read}}"
distutils,codeql,code,py/overly-permissive-file,Overly permissive file permissions,CWE-732,,high,7.8,distutils/tests/test_spawn.py,30,test,,,,,Overly permissive mask in chmod sets file to world writable.
distutils,codeql,code,py/overly-permissive-file,Overly permissive file permissions,CWE-732,,high,7.8,distutils/tests/test_spawn.py,42,test,,,,,Overly permissive mask in chmod sets file to world writable.
distutils,codeql,ci,actions/unpinned-tag,Unpinned tag for a non-immutable Action or reusable workflow,CWE-829,,medium,5.0,.github/workflows/main.yml,114,ci,,,,,"Unpinned 3rd party Action 'tests' step [Uses Step](1) uses 'cygwin/cygwin-install-action' with ref 'v2', not a pinned commit hash"
distutils,codeql,ci,actions/unpinned-tag,Unpinned tag for a non-immutable Action or reusable workflow,CWE-829,,medium,5.0,.github/workflows/main.yml,149,ci,,,,,"Unpinned 3rd party Action 'tests' step [Uses Step](1) uses 'msys2/setup-msys2' with ref 'v2', not a pinned commit hash"
distutils,codeql,ci,actions/unpinned-tag,Unpinned tag for a non-immutable Action or reusable workflow,CWE-829,,medium,5.0,.github/workflows/main.yml,195,ci,,,,,"Unpinned 3rd party Action 'tests' step [Uses Step](1) uses 'msys2/setup-msys2' with ref 'v2', not a pinned commit hash"
distutils,codeql,ci,actions/unpinned-tag,Unpinned tag for a non-immutable Action or reusable workflow,CWE-829,,medium,5.0,.github/workflows/main.yml,259,ci,,,,,"Unpinned 3rd party Action 'tests' step [Uses Step](1) uses 're-actors/alls-green' with ref 'release/v1', not a pinned commit hash"
pyproject-metadata,codeql,code,py/tarslip,Arbitrary file write during tarfile extraction,CWE-22,,high,7.5,noxfile.py,133,source,,,,,This file extraction depends on a [potentially untrusted source](1).
dependency-groups,codeql,ci,actions/missing-workflow-permissions,Workflow does not contain permissions,CWE-275,,medium,5.0,.github/workflows/build.yaml,9,ci,,,,,"Actions job or workflow does not limit the permissions of the GITHUB_TOKEN. Consider setting an explicit permissions block, using the following as a minimal starting point: {{contents: read}}"
dependency-groups,codeql,ci,actions/missing-workflow-permissions,Workflow does not contain permissions,CWE-275,,medium,5.0,.github/workflows/build.yaml,47,ci,,,,,"Actions job or workflow does not limit the permissions of the GITHUB_TOKEN. Consider setting an explicit permissions block, using the following as a minimal starting point: {{contents: read}}"
dependency-groups,codeql,ci,actions/missing-workflow-permissions,Workflow does not contain permissions,CWE-275,,medium,5.0,.github/workflows/publish_to_pypi.yaml,9,ci,,,,,"Actions job or workflow does not limit the permissions of the GITHUB_TOKEN. Consider setting an explicit permissions block, using the following as a minimal starting point: {{contents: read}}"
dependency-groups,codeql,ci,actions/missing-workflow-permissions,Workflow does not contain permissions,CWE-275,,medium,5.0,.github/workflows/publish_to_pypi.yaml,47,ci,,,,,"Actions job or workflow does not limit the permissions of the GITHUB_TOKEN. Consider setting an explicit permissions block, using the following as a minimal starting point: {{}}"
dependency-groups,codeql,ci,actions/missing-workflow-permissions,Workflow does not contain permissions,CWE-275,,medium,5.0,.github/workflows/publish_to_test_pypi.yaml,16,ci,,,,,"Actions job or workflow does not limit the permissions of the GITHUB_TOKEN. Consider setting an explicit permissions block, using the following as a minimal starting point: {{contents: read}}"
browntruck,codeql,code,py/full-ssrf,Full server-side request forgery,CWE-918,,critical,9.1,browntruck/news.py,92,source,,,,,The full URL of this request depends on a [user-provided value](1).
browntruck,grype,dependency,GHSA-2fqr-mr3j-6wp8,aiohttp 2.0.5,,CVE-2026-54279,low,7.5,requirements.txt,,source,aiohttp,2.0.5,python,3.14.1,aiohttp: Host-Only Cookies Become Domain Cookies After CookieJar Persistence
browntruck,grype,dependency,GHSA-2vrm-gr82-f7m5,aiohttp 2.0.5,,CVE-2026-34514,low,5.3,requirements.txt,,source,aiohttp,2.0.5,python,3.13.4,AIOHTTP has CRLF injection through multipart part content type header construction
browntruck,grype,dependency,GHSA-3wq7-rqq7-wx6j,aiohttp 2.0.5,,CVE-2026-34517,low,5.3,requirements.txt,,source,aiohttp,2.0.5,python,3.13.4,AIOHTTP has late size enforcement for non-file multipart fields causes memory DoS
browntruck,grype,dependency,GHSA-45c4-8wx5-qw6w,aiohttp 2.0.5,,CVE-2023-37276,medium,7.5,requirements.txt,,source,aiohttp,2.0.5,python,3.8.5,aiohttp.web.Application vulnerable to HTTP request smuggling via llhttp HTTP request parser
browntruck,grype,dependency,GHSA-4fvr-rgm6-gqmc,aiohttp 2.0.5,,CVE-2026-54273,medium,7.5,requirements.txt,,source,aiohttp,2.0.5,python,3.14.1,aiohttp: HTTP/1 Pipelined Requests Queue Without Limit
browntruck,grype,dependency,GHSA-4m7w-qmgq-4wj5,aiohttp 2.0.5,,CVE-2026-54275,low,7.5,requirements.txt,,source,aiohttp,2.0.5,python,3.14.1,aiohttp: TLS Server Hostname Override Is Ignored When Reusing HTTPS Connections
browntruck,grype,dependency,GHSA-54jq-c3m8-4m76,aiohttp 2.0.5,,CVE-2025-69226,low,6.3,requirements.txt,,source,aiohttp,2.0.5,python,3.13.3,AIOHTTP vulnerable to brute-force leak of internal static ﬁle path components
browntruck,grype,dependency,GHSA-5h86-8mv2-jq9f,aiohttp 2.0.5,,CVE-2024-23334,high,8.2,requirements.txt,,source,aiohttp,2.0.5,python,3.9.2,aiohttp is vulnerable to directory traversal
browntruck,grype,dependency,GHSA-5m98-qgg9-wh84,aiohttp 2.0.5,,CVE-2024-30251,high,7.5,requirements.txt,,source,aiohttp,2.0.5,python,3.9.4,aiohttp vulnerable to Denial of Service when trying to parse malformed POST requests
browntruck,grype,dependency,GHSA-63hf-3vf5-4wqf,aiohttp 2.0.5,,CVE-2026-34520,low,9.1,requirements.txt,,source,aiohttp,2.0.5,python,3.13.4,AIOHTTP's C parser (llhttp) accepts null bytes and control characters in response header values - header injection/security bypass
browntruck,grype,dependency,GHSA-63hw-fmq6-xxg2,aiohttp 2.0.5,,CVE-2026-54277,medium,7.5,requirements.txt,,source,aiohttp,2.0.5,python,3.14.1,aiohttp: C HTTP Parser Bypasses max_line_size for Fragmented Lines
browntruck,grype,dependency,GHSA-69f9-5gxw-wvc2,aiohttp 2.0.5,,CVE-2025-69224,low,6.5,requirements.txt,,source,aiohttp,2.0.5,python,3.13.3,AIOHTTP's unicode processing of header values could cause parsing discrepancies
browntruck,grype,dependency,GHSA-6jhg-hg63-jvvf,aiohttp 2.0.5,,CVE-2025-69228,medium,7.5,requirements.txt,,source,aiohttp,2.0.5,python,3.13.3,AIOHTTP vulnerable to  denial of service through large payloads
browntruck,grype,dependency,GHSA-6mq8-rvhq-8wgg,aiohttp 2.0.5,,CVE-2025-69223,high,7.5,requirements.txt,,source,aiohttp,2.0.5,python,3.13.3,AIOHTTP's HTTP Parser auto_decompress feature is vulnerable to zip bomb
browntruck,grype,dependency,GHSA-7gpw-8wmc-pm8g,aiohttp 2.0.5,,CVE-2024-27306,medium,6.1,requirements.txt,,source,aiohttp,2.0.5,python,3.9.4,aiohttp Cross-site Scripting vulnerability on index pages for static file handling
browntruck,grype,dependency,GHSA-8495-4g3g-x7pr,aiohttp 2.0.5,,CVE-2024-52304,medium,7.5,requirements.txt,,source,aiohttp,2.0.5,python,3.10.11,aiohttp allows request smuggling due to incorrect parsing of chunk extensions
browntruck,grype,dependency,GHSA-8qpw-xqxj-h4r2,aiohttp 2.0.5,,CVE-2024-23829,medium,6.9,requirements.txt,,source,aiohttp,2.0.5,python,3.9.2,"aiohttp's HTTP parser (the python one, not llhttp) still overly lenient about separators"
browntruck,grype,dependency,GHSA-9548-qrrj-x5pj,aiohttp 2.0.5,,CVE-2025-53643,low,7.5,requirements.txt,,source,aiohttp,2.0.5,python,3.12.14,AIOHTTP is vulnerable to HTTP Request/Response Smuggling through incorrect parsing of chunked trailer sections
browntruck,grype,dependency,GHSA-966j-vmvw-g2g9,aiohttp 2.0.5,,CVE-2026-34518,low,5.3,requirements.txt,,source,aiohttp,2.0.5,python,3.13.4,AIOHTTP leaks Cookie and Proxy-Authorization headers on cross-origin redirect
browntruck,grype,dependency,GHSA-9x8q-7h8h-wcw9,aiohttp 2.0.5,,CVE-2026-54280,low,7.5,requirements.txt,,source,aiohttp,2.0.5,python,3.14.1,aiohttp: Payload Response Resources Are Not Closed After Mid-Body Disconnect
browntruck,grype,dependency,GHSA-c427-h43c-vf67,aiohttp 2.0.5,,CVE-2026-34525,medium,6.3,requirements.txt,,source,aiohttp,2.0.5,python,3.13.4,AIOHTTP accepts duplicate Host headers
browntruck,grype,dependency,GHSA-cq5v-8q36-5273,aiohttp 2.0.5,,CVE-2026-69244,high,7.1,requirements.txt,,source,aiohttp,2.0.5,python,3.14.3,AIOHTTP: Out-of-bounds heap read in C HTTP response parser error path (malformed chunked response)
browntruck,grype,dependency,GHSA-fh55-r93g-j68g,aiohttp 2.0.5,,CVE-2025-69230,low,5.3,requirements.txt,,source,aiohttp,2.0.5,python,3.13.3,AIOHTTP Vulnerable to Cookie Parser Warning Storm
browntruck,grype,dependency,GHSA-g3cq-j2xw-wf74,aiohttp 2.0.5,,CVE-2026-54278,medium,7.5,requirements.txt,,source,aiohttp,2.0.5,python,3.14.1,aiohttp: Unread Compressed Request Bodies Bypass client_max_size During Cleanup
browntruck,grype,dependency,GHSA-g84x-mcqj-x9qq,aiohttp 2.0.5,,CVE-2025-69229,medium,6.6,requirements.txt,,source,aiohttp,2.0.5,python,3.13.3,AIOHTTP vulnerable to DoS through chunked messages
browntruck,grype,dependency,GHSA-gfw2-4jvh-wgfg,aiohttp 2.0.5,,CVE-2023-47627,medium,7.5,requirements.txt,,source,aiohttp,2.0.5,python,3.8.6,"AIOHTTP has problems in HTTP parser (the python one, not llhttp)"
browntruck,grype,dependency,GHSA-hcc4-c3v8-rx92,aiohttp 2.0.5,,CVE-2026-34513,low,7.5,requirements.txt,,source,aiohttp,2.0.5,python,3.13.4,AIOHTTP Affected by Denial of Service (DoS) via Unbounded DNS Cache in TCPConnector
browntruck,grype,dependency,GHSA-hg6j-4rv6-33pg,aiohttp 2.0.5,,CVE-2026-47265,medium,7.5,requirements.txt,,source,aiohttp,2.0.5,python,3.14.0,AIOHTTP is vulnerable to cross-origin redirect with per-request cookies
browntruck,grype,dependency,GHSA-hpj7-wq8m-9hgp,aiohttp 2.0.5,,CVE-2026-54276,medium,6.3,requirements.txt,,source,aiohttp,2.0.5,python,3.14.1,aiohttp: DigestAuthMiddleware Applies Credentials to Cross-Origin Redirect Challenges
browntruck,grype,dependency,GHSA-jg22-mg44-37j8,aiohttp 2.0.5,,CVE-2026-34993,medium,7.3,requirements.txt,,source,aiohttp,2.0.5,python,3.14.0,AIOHTTP is Vulnerable to Deserialization of Untrusted Data
browntruck,grype,dependency,GHSA-jj3x-wxrx-4x23,aiohttp 2.0.5,,CVE-2025-69227,medium,7.5,requirements.txt,,source,aiohttp,2.0.5,python,3.13.3,AIOHTTP vulnerable to DoS when bypassing asserts
browntruck,grype,dependency,GHSA-m5qp-6w8w-w647,aiohttp 2.0.5,,CVE-2026-34516,medium,7.5,requirements.txt,,source,aiohttp,2.0.5,python,3.13.4,AIOHTTP has a Multipart Header Size Bypass
browntruck,grype,dependency,GHSA-m6qw-4cw2-hm4m,aiohttp 2.0.5,,CVE-2026-50269,low,7.5,requirements.txt,,source,aiohttp,2.0.5,python,3.14.0,aiohttp: CRLF injection in multipart headers
browntruck,grype,dependency,GHSA-mfx4-hv73-q22v,aiohttp 2.0.5,,CVE-2026-69243,medium,6.3,requirements.txt,,source,aiohttp,2.0.5,python,3.14.2,AIOHTTP: HTTP request smuggling via WebSocket upgrade
browntruck,grype,dependency,GHSA-mq44-7p77-q5h7,aiohttp 2.0.5,,CVE-2026-59881,medium,6.9,requirements.txt,,source,aiohttp,2.0.5,python,3.14.2,AIOHTTP: WebSocket client accepts compressed frames without negotiated permessage-deflate
browntruck,grype,dependency,GHSA-mqqc-3gqh-h2x8,aiohttp 2.0.5,,CVE-2025-69225,low,5.3,requirements.txt,,source,aiohttp,2.0.5,python,3.13.3,AIOHTTP has unicode match groups in regexes for ASCII protocol elements
browntruck,grype,dependency,GHSA-mwh4-6h8g-pg8w,aiohttp 2.0.5,,CVE-2026-34519,low,5.3,requirements.txt,,source,aiohttp,2.0.5,python,3.13.4,AIOHTTP has HTTP response splitting via \r in reason phrase
browntruck,grype,dependency,GHSA-p998-jp59-783m,aiohttp 2.0.5,,CVE-2026-34515,medium,7.5,requirements.txt,,source,aiohttp,2.0.5,python,3.13.4,AIOHTTP affected by UNC SSRF/NTLMv2 Credential Theft/Local File Read in static resource handler on Windows
browntruck,grype,dependency,GHSA-pjjw-qhg8-p2p9,aiohttp 2.0.5,,,medium,,requirements.txt,,source,aiohttp,2.0.5,python,3.8.6,aiohttp has vulnerable dependency that is vulnerable to request smuggling
browntruck,grype,dependency,GHSA-q3qx-c6g2-7pw2,aiohttp 2.0.5,,CVE-2023-49081,medium,7.2,requirements.txt,,source,aiohttp,2.0.5,python,3.9.0,aiohttp's ClientSession is vulnerable to CRLF injection via version
browntruck,grype,dependency,GHSA-qvrw-v9rv-5rjx,aiohttp 2.0.5,,CVE-2023-49082,medium,6.9,requirements.txt,,source,aiohttp,2.0.5,python,3.9.0,aiohttp's ClientSession is vulnerable to CRLF injection via method
browntruck,grype,dependency,GHSA-v6wp-4m6f-gcjg,aiohttp 2.0.5,,CVE-2021-21330,low,6.1,requirements.txt,,source,aiohttp,2.0.5,python,3.7.4,`aiohttp` Open Redirect vulnerability (`normalize_path_middleware` middleware)
browntruck,grype,dependency,GHSA-w2fm-2cpv-w7v5,aiohttp 2.0.5,,CVE-2026-22815,medium,7.5,requirements.txt,,source,aiohttp,2.0.5,python,3.13.4,"aiohttp allows unlimited trailer headers, leading to possible uncapped memory usage"
browntruck,grype,dependency,GHSA-xcgm-r5h9-7989,aiohttp 2.0.5,,CVE-2026-54274,medium,7.5,requirements.txt,,source,aiohttp,2.0.5,python,3.14.1,aiohttp: Incomplete websocket frame payloads bypass memory limits
browntruck,grype,dependency,GHSA-xx9p-xxvh-7g8j,aiohttp 2.0.5,,CVE-2023-47641,low,6.5,requirements.txt,,source,aiohttp,2.0.5,python,3.8.0,Aiohttp has inconsistent interpretation of `Content-Length` vs. `Transfer-Encoding` differing in C and Python fallbacks
browntruck,grype,dependency,GHSA-5qpg-rh4j-qp35,pycares 2.1.1,,,medium,,requirements.txt,,source,pycares,2.1.1,python,4.9.0,pycares has a Use-After-Free Vulnerability
browntruck,grype,dependency,GHSA-c58j-88f5-h53f,pycares 2.1.1,,,medium,5.6,requirements.txt,,source,pycares,2.1.1,python,4.2.0,Improper Neutralization of Input During Web Page Generation ('Cross-site Scripting') in pycares
