repo,url,language,analyzed_language,stars,commit_sha,packages,codeql_status,pipeline_status,grype_status,total_findings,code_findings,ci_findings,dependency_findings,critical_findings,high_findings,medium_findings,low_findings,negligible_findings,unknown_findings
pipenv,https://github.com/pypa/pipenv,Python,python,25023,226bc1342043f387eec027fb07a8254768b3f718,32,ok,ok,ok,19,11,4,4,0,13,5,1,0,0
pipx,https://github.com/pypa/pipx,Python,python,12978,b09807b86e0844d92f3f92216fcdfcf607161c6c,123,ok,ok,ok,1,0,0,1,0,0,1,0,0,0
pip,https://github.com/pypa/pip,Python,python,10291,a7002c9771a6c3f0317a4e6b9fbdcd22e643f7b6,27,ok,ok,ok,10,10,0,0,0,10,0,0,0,0
hatch,https://github.com/pypa/hatch,Python,python,7239,7c26ebeaf8b83f5f0374a2545bb15e36c87db0d0,46,ok,ok,ok,41,17,19,5,0,22,19,0,0,0
sampleproject,https://github.com/pypa/sampleproject,Python,python,5241,621e4974ca25ce531773def586ba3ed8e736b3fc,5,ok,ok,ok,3,0,2,1,0,0,2,1,0,0
virtualenv,https://github.com/pypa/virtualenv,Python,python,5052,95d02526dc5f2c569767d8ee572f72f571b8a6ce,154,ok,ok,ok,0,0,0,0,0,0,0,0,0,0
pipfile,https://github.com/pypa/pipfile,Python,python,3230,4706d2cbd35e0b47a05a6421fa17f93827bc454f,20,ok,no_workflows,ok,24,0,0,24,0,9,15,0,0,0
setuptools,https://github.com/pypa/setuptools,Python,python,2865,4e612f9e44ecfad130d0b2a27a2dce0740599b4b,39,ok,ok,ok,14,5,9,0,0,5,9,0,0,0
cibuildwheel,https://github.com/pypa/cibuildwheel,Python,python,2267,5cad3d982fd4fbcddade622709b995e3052923b1,25,ok,ok,ok,13,13,0,0,0,13,0,0,0,0
flit,https://github.com/pypa/flit,Python,python,2252,75b1c909d587c1ff5e0fd5f3df1046f74ee249d4,5,ok,ok,ok,6,3,2,1,0,3,2,1,0,0
twine,https://github.com/pypa/twine,Python,python,1790,f536ac5d0c77a24a997854328e64644f576b4992,12,ok,ok,ok,2,2,0,0,0,2,0,0,0,0
packaging.python.org,https://github.com/pypa/packaging.python.org,Python,python,1674,e3dcdb334522e3806b93f8005c8c000c32f6bcd2,24,ok,ok,ok,2,1,1,0,0,1,1,0,0,0
pip-audit,https://github.com/pypa/pip-audit,Python,python,1377,828e77a4d4aa6bee8d315681db6928771d951a7c,22,ok,ok,ok,0,0,0,0,0,0,0,0,0,0
gh-action-pypi-publish,https://github.com/pypa/gh-action-pypi-publish,Python,python,1184,c0d6f8e4af2ad8247a7da213b199ea78dac8395e,7,ok,ok,ok,3,0,3,0,0,0,3,0,0,0
setuptools-scm,https://github.com/pypa/setuptools-scm,Python,python,953,451b1bc5f6cc20c77a0e71b6f5f114482e9349f2,141,ok,ok,ok,56,0,0,56,2,16,35,3,0,0
get-pip,https://github.com/pypa/get-pip,Python,python,892,f6f644156f23dfe9acc06e7b9ca75eee311f2e37,2,ok,ok,ok,2,0,2,0,0,0,2,0,0,0
build,https://github.com/pypa/build,Python,python,857,0d75a1667436a93dc1988ad2db526254331c994d,25,ok,ok,ok,1,1,0,0,0,1,0,0,0,0
packaging,https://github.com/pypa/packaging,Python,python,751,4a920d632a0e81ef2b06dc94d9048eee9e569c8d,23,ok,ok,ok,2,1,1,0,0,1,1,0,0,0
wheel,https://github.com/pypa/wheel,Python,python,573,c4b173aa00593b2f2dce22101a7fe0b4fa3a014d,10,ok,ok,ok,8,0,6,2,0,1,6,1,0,0
bandersnatch,https://github.com/pypa/bandersnatch,Python,python,553,520598376e5c641dc2b8c6c43cb16bfd7fd53f3b,60,ok,ok,ok,13,3,7,3,0,5,8,0,0,0
auditwheel,https://github.com/pypa/auditwheel,Python,python,535,7cec8ec5b1436336bc03e560b785cc63d9c4190f,14,ok,ok,ok,0,0,0,0,0,0,0,0,0,0
sample-namespace-packages,https://github.com/pypa/sample-namespace-packages,Python,python,190,134414420e5f499547e8e36cb10e403a903f929b,2,ok,ok,ok,0,0,0,0,0,0,0,0,0,0
trove-classifiers,https://github.com/pypa/trove-classifiers,Python,python,190,bc832553ebe6114e7682f09bc59bda6552da37cd,8,ok,ok,ok,5,0,3,2,0,1,3,1,0,0
readme_renderer,https://github.com/pypa/readme_renderer,Python,python,176,953fe07a26e3c0ccccefeb30f7e185ef0887be43,9,ok,ok,ok,0,0,0,0,0,0,0,0,0,0
installer,https://github.com/pypa/installer,Python,python,148,ba622422bc1c458d8cb82f08085a807cf2146d7a,14,ok,ok,ok,0,0,0,0,0,0,0,0,0,0
pyproject-hooks,https://github.com/pypa/pyproject-hooks,Python,python,130,184c9f56a87ede1276a5b33f5024204adb792cd2,11,ok,ok,ok,1,0,0,1,0,0,0,1,0,0
abi3audit,https://github.com/pypa/abi3audit,Python,python,124,a33c6e0fe6988d3a6340b0460589a80c19f1b6b1,55,ok,ok,ok,9,0,0,9,0,4,4,1,0,0
gh-action-pip-audit,https://github.com/pypa/gh-action-pip-audit,Python,python,88,fb241f581674a1bb995061d62504857a9ea4b69e,9,ok,ok,ok,3,0,3,0,0,0,3,0,0,0
distlib,https://github.com/pypa/distlib,Python,python,65,454a87c64f0b545138dc4798aa833a4ff8ac2377,20,ok,ok,ok,8,6,2,0,0,6,2,0,0,0
scripttest,https://github.com/pypa/scripttest,Python,python,59,3bebe70d1148f6f6c1204e4ddd09de50f6dac859,3,ok,ok,ok,5,0,5,0,0,0,5,0,0,0
distutils,https://github.com/pypa/distutils,Python,python,59,3ed42426ce6f41e9d07dc63f3315d85f19e25618,7,ok,ok,ok,6,2,4,0,0,2,4,0,0,0
pyproject-metadata,https://github.com/pypa/pyproject-metadata,Python,python,44,c78be647e3d747b007996cdaa8899b2b4f533b84,13,ok,ok,ok,1,1,0,0,0,1,0,0,0,0
pypa.io,https://github.com/pypa/pypa.io,Python,python,26,ed988856b2b72d40a2e2712ab56290ca2a433c58,1,ok,no_workflows,ok,0,0,0,0,0,0,0,0,0,0
pkg_resources,https://github.com/pypa/pkg_resources,Python,python,18,7fa76c17eacf8a67c6932c9c2dd97861f42439cf,1,ok,no_workflows,ok,0,0,0,0,0,0,0,0,0,0
dependency-groups,https://github.com/pypa/dependency-groups,Python,python,14,facfeaf7f8424c35301e218f6e9269a284c9421b,14,ok,ok,ok,5,0,5,0,0,0,5,0,0,0
hatch-code,https://github.com/pypa/hatch-code,TypeScript,javascript,10,cebff56f5d91e48ce709f7ba01caf26ccc2341c2,25,ok,ok,ok,0,0,0,0,0,0,0,0,0,0
browntruck,https://github.com/pypa/browntruck,Python,python,7,8c6db1bb2daa565c28c857e00c55fffec2626efa,17,ok,no_workflows,ok,48,1,0,47,1,4,26,17,0,0
pip-test-package,https://github.com/pypa/pip-test-package,Python,python,5,96d6d72ac54132aecbdd5adac88bc8d1f8fb986b,0,ok,no_workflows,ok,0,0,0,0,0,0,0,0,0,0
